create database e_commerce;
use e_commerce;
CREATE TABLE Customers (CustomerID INT PRIMARY KEY,FirstName VARCHAR(50),LastName VARCHAR(50),Gender VARCHAR(10),Email VARCHAR(100),Phone VARCHAR(15));
INSERT INTO Customers VALUES
(1,'Arjun','Kumar','Male','arjun.kumar@gmail.com','9876543210'),
(2,'Priya','Sharma','Female','priya.sharma@gmail.com','9876543211'),
(3,'Rahul','Verma','Male','rahul.verma@gmail.com','9876543212'),
(4,'Sneha','Reddy','Female','sneha.reddy@gmail.com','9876543213'),
(5,'Karthik','Raj','Male','karthik.raj@gmail.com','9876543214'),
(6,'Ananya','Iyer','Female','ananya.iyer@gmail.com','9876543215'),
(7,'Vikram','Singh','Male','vikram.singh@gmail.com','9876543216'),
(8,'Meera','Nair','Female','meera.nair@gmail.com','9876543217'),
(9,'Suresh','Patel','Male','suresh.patel@gmail.com','9876543218'),
(10,'Divya','Rao','Female','divya.rao@gmail.com','9876543219'),
(11,'Naveen','Gupta','Male','naveen.gupta@gmail.com','9876543220'),
(12,'Pooja','Mehta','Female','pooja.mehta@gmail.com','9876543221'),
(13,'Rakesh','Das','Male','rakesh.das@gmail.com','9876543222'),
(14,'Kavya','Menon','Female','kavya.menon@gmail.com','9876543223'),
(15,'Ajith','Kumar','Male','ajith.kumar@gmail.com','9876543224'),
(16,'Nisha','Roy','Female','nisha.roy@gmail.com','9876543225'),
(17,'Sanjay','Jain','Male','sanjay.jain@gmail.com','9876543226'),
(18,'Aarthi','Krishnan','Female','aarthi.krishnan@gmail.com','9876543227'),
(19,'Deepak','Yadav','Male','deepak.yadav@gmail.com','9876543228'),
(20,'Reshma','Pillai','Female','reshma.pillai@gmail.com','9876543229'),
(21,'Akash','Babu','Male','akash.babu@gmail.com','9876543230'),
(22,'Harini','Selvam','Female','harini.selvam@gmail.com','9876543231'),
(23,'Praveen','Kumar','Male','praveen.kumar@gmail.com','9876543232'),
(24,'Keerthana','Ravi','Female','keerthana.ravi@gmail.com','9876543233'),
(25,'Dinesh','Kumar','Male','dinesh.kumar@gmail.com','9876543234'),
(26,'Gayathri','Mohan','Female','gayathri.mohan@gmail.com','9876543235'),
(27,'Manoj','Rajan','Male','manoj.rajan@gmail.com','9876543236'),
(28,'Swetha','Kannan','Female','swetha.kannan@gmail.com','9876543237'),
(29,'Bharath','Kumar','Male','bharath.kumar@gmail.com','9876543238'),
(30,'Nivetha','Shankar','Female','nivetha.shankar@gmail.com','9876543239'),
(31,'Aravind','Prasad','Male','aravind.prasad@gmail.com','9876543240'),
(32,'Lavanya','Raj','Female','lavanya.raj@gmail.com','9876543241'),
(33,'Kiran','Bose','Male','kiran.bose@gmail.com','9876543242'),
(34,'Revathi','Murugan','Female','revathi.murugan@gmail.com','9876543243'),
(35,'Vignesh','Kumar','Male','vignesh.kumar@gmail.com','9876543244'),
(36,'Monika','Devi','Female','monika.devi@gmail.com','9876543245'),
(37,'Ashwin','Reddy','Male','ashwin.reddy@gmail.com','9876543246'),
(38,'Janani','Bala','Female','janani.bala@gmail.com','9876543247'),
(39,'Rohit','Sharma','Male','rohit.sharma@gmail.com','9876543248'),
(40,'Preethi','Kannan','Female','preethi.kannan@gmail.com','9876543249'),
(41,'Sathish','Kumar','Male','sathish.kumar@gmail.com','9876543250'),
(42,'Anu','Priya','Female','anu.priya@gmail.com','9876543251'),
(43,'Naren','Raj','Male','naren.raj@gmail.com','9876543252'),
(44,'Shalini','Mohan','Female','shalini.mohan@gmail.com','9876543253'),
(45,'Vivek','Babu','Male','vivek.babu@gmail.com','9876543254'),
(46,'Ritika','Jain','Female','ritika.jain@gmail.com','9876543255'),
(47,'Gokul','Krishna','Male','gokul.krishna@gmail.com','9876543256'),
(48,'Pavithra','Selvi','Female','pavithra.selvi@gmail.com','9876543257'),
(49,'Hari','Prakash','Male','hari.prakash@gmail.com','9876543258'),
(50,'Sindhu','Rani','Female','sindhu.rani@gmail.com','9876543259');
INSERT INTO Customers VALUES
(51,'Karthik','Prasad','Male','karthik.prasad@gmail.com','9876543260'),
(52,'Anitha','Kumar','Female','anitha.kumar@gmail.com','9876543261'),
(53,'Ramesh','Bose','Male','ramesh.bose@gmail.com','9876543262'),
(54,'Deepika','Rajan','Female','deepika.rajan@gmail.com','9876543263'),
(55,'Arun','Kumar','Male','arun.kumar@gmail.com','9876543264'),
(56,'Keerthi','Shankar','Female','keerthi.shankar@gmail.com','9876543265'),
(57,'Nithin','Reddy','Male','nithin.reddy@gmail.com','9876543266'),
(58,'Aishwarya','Nair','Female','aishwarya.nair@gmail.com','9876543267'),
(59,'Ganesh','Patel','Male','ganesh.patel@gmail.com','9876543268'),
(60,'Madhumitha','Rao','Female','madhumitha.rao@gmail.com','9876543269'),
(61,'Saravanan','Kumar','Male','saravanan.kumar@gmail.com','9876543270'),
(62,'Priyanka','Sharma','Female','priyanka.sharma@gmail.com','9876543271'),
(63,'Vasanth','Raj','Male','vasanth.raj@gmail.com','9876543272'),
(64,'Haritha','Menon','Female','haritha.menon@gmail.com','9876543273'),
(65,'Sriram','Krishna','Male','sriram.krishna@gmail.com','9876543274'),
(66,'Nandhini','Bala','Female','nandhini.bala@gmail.com','9876543275'),
(67,'Ragul','Prakash','Male','ragul.prakash@gmail.com','9876543276'),
(68,'Monisha','Devi','Female','monisha.devi@gmail.com','9876543277'),
(69,'Ashok','Jain','Male','ashok.jain@gmail.com','9876543278'),
(70,'Revathy','Pillai','Female','revathy.pillai@gmail.com','9876543279'),
(71,'Dharun','Kumar','Male','dharun.kumar@gmail.com','9876543280'),
(72,'Harini','Ravi','Female','harini.ravi@gmail.com','9876543281'),
(73,'Pranav','Babu','Male','pranav.babu@gmail.com','9876543282'),
(74,'Shreya','Kannan','Female','shreya.kannan@gmail.com','9876543283'),
(75,'Lokesh','Rajan','Male','lokesh.rajan@gmail.com','9876543284'),
(76,'Divyabharathi','Mohan','Female','divyabharathi.mohan@gmail.com','9876543285'),
(77,'Abishek','Kumar','Male','abishek.kumar@gmail.com','9876543286'),
(78,'Janani','Selvam','Female','janani.selvam@gmail.com','9876543287'),
(79,'Vijay','Prasad','Male','vijay.prasad@gmail.com','9876543288'),
(80,'Kowsalya','Murugan','Female','kowsalya.murugan@gmail.com','9876543289'),
(81,'Balaji','Reddy','Male','balaji.reddy@gmail.com','9876543290'),
(82,'Pavithra','Raj','Female','pavithra.raj@gmail.com','9876543291'),
(83,'Mohan','Kumar','Male','mohan.kumar@gmail.com','9876543292'),
(84,'Nivetha','Bose','Female','nivetha.bose@gmail.com','9876543293'),
(85,'Pradeep','Sharma','Male','pradeep.sharma@gmail.com','9876543294'),
(86,'Aparna','Jain','Female','aparna.jain@gmail.com','9876543295'),
(87,'Kishore','Patel','Male','kishore.patel@gmail.com','9876543296'),
(88,'Sangeetha','Rao','Female','sangeetha.rao@gmail.com','9876543297'),
(89,'Ranjith','Kumar','Male','ranjith.kumar@gmail.com','9876543298'),
(90,'Meenakshi','Nair','Female','meenakshi.nair@gmail.com','9876543299'),
(91,'Hariharan','Raj','Male','hariharan.raj@gmail.com','9876543300'),
(92,'Anusha','Krishna','Female','anusha.krishna@gmail.com','9876543301'),
(93,'Surya','Prakash','Male','surya.prakash@gmail.com','9876543302'),
(94,'Vaishnavi','Bala','Female','vaishnavi.bala@gmail.com','9876543303'),
(95,'Vignesh','Reddy','Male','vignesh.reddy@gmail.com','9876543304'),
(96,'Ramya','Devi','Female','ramya.devi@gmail.com','9876543305'),
(97,'Senthil','Kumar','Male','senthil.kumar@gmail.com','9876543306'),
(98,'Anjali','Menon','Female','anjali.menon@gmail.com','9876543307'),
(99,'Yuvaraj','Patel','Male','yuvaraj.patel@gmail.com','9876543308'),
(100,'Shruthi','Ravi','Female','shruthi.ravi@gmail.com','9876543309');
INSERT INTO Customers VALUES
(101,'Aravind','Kumar','Male','aravind.kumar@gmail.com','9876543310'),
(102,'Keerthana','Sharma','Female','keerthana.sharma@gmail.com','9876543311'),
(103,'Dinesh','Verma','Male','dinesh.verma@gmail.com','9876543312'),
(104,'Harini','Reddy','Female','harini.reddy@gmail.com','9876543313'),
(105,'Prakash','Raj','Male','prakash.raj@gmail.com','9876543314'),
(106,'Nithya','Iyer','Female','nithya.iyer@gmail.com','9876543315'),
(107,'Sarath','Singh','Male','sarath.singh@gmail.com','9876543316'),
(108,'Aarthi','Nair','Female','aarthi.nair@gmail.com','9876543317'),
(109,'Manikandan','Patel','Male','manikandan.patel@gmail.com','9876543318'),
(110,'Pavithra','Rao','Female','pavithra.rao@gmail.com','9876543319'),
(111,'Vimal','Gupta','Male','vimal.gupta@gmail.com','9876543320'),
(112,'Janani','Mehta','Female','janani.mehta@gmail.com','9876543321'),
(113,'Karthikeyan','Das','Male','karthikeyan.das@gmail.com','9876543322'),
(114,'Swathi','Menon','Female','swathi.menon@gmail.com','9876543323'),
(115,'Ajay','Kumar','Male','ajay.kumar@gmail.com','9876543324'),
(116,'Nandhini','Roy','Female','nandhini.roy@gmail.com','9876543325'),
(117,'Suresh','Jain','Male','suresh.jain@gmail.com','9876543326'),
(118,'Deepa','Krishnan','Female','deepa.krishnan@gmail.com','9876543327'),
(119,'Bala','Yadav','Male','bala.yadav@gmail.com','9876543328'),
(120,'Reshma','Pillai','Female','reshma.pillai@gmail.com','9876543329'),
(121,'Ashwin','Babu','Male','ashwin.babu@gmail.com','9876543330'),
(122,'Lavanya','Selvam','Female','lavanya.selvam@gmail.com','9876543331'),
(123,'Rohit','Kumar','Male','rohit.kumar@gmail.com','9876543332'),
(124,'Gayathri','Ravi','Female','gayathri.ravi@gmail.com','9876543333'),
(125,'Naveen','Kumar','Male','naveen.kumar@gmail.com','9876543334'),
(126,'Monisha','Mohan','Female','monisha.mohan@gmail.com','9876543335'),
(127,'Praveen','Rajan','Male','praveen.rajan@gmail.com','9876543336'),
(128,'Sindhu','Kannan','Female','sindhu.kannan@gmail.com','9876543337'),
(129,'Bharani','Kumar','Male','bharani.kumar@gmail.com','9876543338'),
(130,'Nivetha','Shankar','Female','nivetha.shankar@gmail.com','9876543339'),
(131,'Arun','Prasad','Male','arun.prasad@gmail.com','9876543340'),
(132,'Revathi','Raj','Female','revathi.raj@gmail.com','9876543341'),
(133,'Kiran','Bose','Male','kiran.bose@gmail.com','9876543342'),
(134,'Divya','Murugan','Female','divya.murugan@gmail.com','9876543343'),
(135,'Vignesh','Kumar','Male','vignesh.kumar@gmail.com','9876543344'),
(136,'Anu','Devi','Female','anu.devi@gmail.com','9876543345'),
(137,'Hari','Reddy','Male','hari.reddy@gmail.com','9876543346'),
(138,'Preethi','Bala','Female','preethi.bala@gmail.com','9876543347'),
(139,'Rakesh','Sharma','Male','rakesh.sharma@gmail.com','9876543348'),
(140,'Meena','Kannan','Female','meena.kannan@gmail.com','9876543349'),
(141,'Sathish','Kumar','Male','sathish.kumar@gmail.com','9876543350'),
(142,'Anitha','Priya','Female','anitha.priya@gmail.com','9876543351'),
(143,'Naren','Raj','Male','naren.raj@gmail.com','9876543352'),
(144,'Shalini','Mohan','Female','shalini.mohan@gmail.com','9876543353'),
(145,'Vivek','Babu','Male','vivek.babu@gmail.com','9876543354'),
(146,'Ritika','Jain','Female','ritika.jain@gmail.com','9876543355'),
(147,'Gokul','Krishna','Male','gokul.krishna@gmail.com','9876543356'),
(148,'Pavithra','Selvi','Female','pavithra.selvi@gmail.com','9876543357'),
(149,'Hariharan','Prakash','Male','hariharan.prakash@gmail.com','9876543358'),
(150,'Sindhuja','Rani','Female','sindhuja.rani@gmail.com','9876543359');
INSERT INTO Customers VALUES
(151,'Akash','Kumar','Male','akash.kumar@gmail.com','9876543360'),
(152,'Harini','Sharma','Female','harini.sharma@gmail.com','9876543361'),
(153,'Praveen','Verma','Male','praveen.verma@gmail.com','9876543362'),
(154,'Keerthana','Reddy','Female','keerthana.reddy@gmail.com','9876543363'),
(155,'Dinesh','Raj','Male','dinesh.raj@gmail.com','9876543364'),
(156,'Gayathri','Iyer','Female','gayathri.iyer@gmail.com','9876543365'),
(157,'Manoj','Singh','Male','manoj.singh@gmail.com','9876543366'),
(158,'Swetha','Nair','Female','swetha.nair@gmail.com','9876543367'),
(159,'Bharath','Patel','Male','bharath.patel@gmail.com','9876543368'),
(160,'Nivetha','Rao','Female','nivetha.rao@gmail.com','9876543369'),
(161,'Aravind','Gupta','Male','aravind.gupta@gmail.com','9876543370'),
(162,'Lavanya','Mehta','Female','lavanya.mehta@gmail.com','9876543371'),
(163,'Kiran','Das','Male','kiran.das@gmail.com','9876543372'),
(164,'Revathi','Menon','Female','revathi.menon@gmail.com','9876543373'),
(165,'Vignesh','Kumar','Male','vignesh.kumar@gmail.com','9876543374'),
(166,'Monika','Roy','Female','monika.roy@gmail.com','9876543375'),
(167,'Ashwin','Jain','Male','ashwin.jain@gmail.com','9876543376'),
(168,'Janani','Krishnan','Female','janani.krishnan@gmail.com','9876543377'),
(169,'Rohit','Yadav','Male','rohit.yadav@gmail.com','9876543378'),
(170,'Preethi','Pillai','Female','preethi.pillai@gmail.com','9876543379'),
(171,'Sathish','Babu','Male','sathish.babu@gmail.com','9876543380'),
(172,'Anu','Selvam','Female','anu.selvam@gmail.com','9876543381'),
(173,'Naren','Kumar','Male','naren.kumar@gmail.com','9876543382'),
(174,'Shalini','Ravi','Female','shalini.ravi@gmail.com','9876543383'),
(175,'Vivek','Mohan','Male','vivek.mohan@gmail.com','9876543384'),
(176,'Ritika','Rajan','Female','ritika.rajan@gmail.com','9876543385'),
(177,'Gokul','Kannan','Male','gokul.kannan@gmail.com','9876543386'),
(178,'Pavithra','Shankar','Female','pavithra.shankar@gmail.com','9876543387'),
(179,'Hari','Prasad','Male','hari.prasad@gmail.com','9876543388'),
(180,'Sindhu','Raj','Female','sindhu.raj@gmail.com','9876543389'),
(181,'Dharun','Bose','Male','dharun.bose@gmail.com','9876543390'),
(182,'Haritha','Murugan','Female','haritha.murugan@gmail.com','9876543391'),
(183,'Sriram','Kumar','Male','sriram.kumar@gmail.com','9876543392'),
(184,'Nandhini','Devi','Female','nandhini.devi@gmail.com','9876543393'),
(185,'Ragul','Reddy','Male','ragul.reddy@gmail.com','9876543394'),
(186,'Monisha','Bala','Female','monisha.bala@gmail.com','9876543395'),
(187,'Ashok','Sharma','Male','ashok.sharma@gmail.com','9876543396'),
(188,'Revathy','Kannan','Female','revathy.kannan@gmail.com','9876543397'),
(189,'Balaji','Kumar','Male','balaji.kumar@gmail.com','9876543398'),
(190,'Pavithra','Priya','Female','pavithra.priya@gmail.com','9876543399'),
(191,'Mohan','Raj','Male','mohan.raj@gmail.com','9876543400'),
(192,'Nivetha','Mohan','Female','nivetha.mohan@gmail.com','9876543401'),
(193,'Pradeep','Babu','Male','pradeep.babu@gmail.com','9876543402'),
(194,'Aparna','Jain','Female','aparna.jain@gmail.com','9876543403'),
(195,'Kishore','Krishna','Male','kishore.krishna@gmail.com','9876543404'),
(196,'Sangeetha','Selvi','Female','sangeetha.selvi@gmail.com','9876543405'),
(197,'Ranjith','Prakash','Male','ranjith.prakash@gmail.com','9876543406'),
(198,'Meenakshi','Rani','Female','meenakshi.rani@gmail.com','9876543407'),
(199,'Hariharan','Patel','Male','hariharan.patel@gmail.com','9876543408'),
(200,'Shruthi','Ravi','Female','shruthi.ravi@gmail.com','9876543409');
select*from customers;

CREATE TABLE Addresses (AddressID INT PRIMARY KEY,CustomerID INT,City VARCHAR(50),State VARCHAR(50),Pincode VARCHAR(10),FOREIGN KEY (CustomerID) REFERENCES Customers(CustomerID));
INSERT INTO Addresses VALUES
(1,1,'Chennai','Tamil Nadu','600001'),
(2,2,'Coimbatore','Tamil Nadu','641001'),
(3,3,'Madurai','Tamil Nadu','625001'),
(4,4,'Salem','Tamil Nadu','636001'),
(5,5,'Trichy','Tamil Nadu','620001'),
(6,6,'Erode','Tamil Nadu','638001'),
(7,7,'Vellore','Tamil Nadu','632001'),
(8,8,'Tirunelveli','Tamil Nadu','627001'),
(9,9,'Thoothukudi','Tamil Nadu','628001'),
(10,10,'Nagercoil','Tamil Nadu','629001'),
(11,11,'Chennai','Tamil Nadu','600002'),
(12,12,'Coimbatore','Tamil Nadu','641002'),
(13,13,'Madurai','Tamil Nadu','625002'),
(14,14,'Salem','Tamil Nadu','636002'),
(15,15,'Trichy','Tamil Nadu','620002'),
(16,16,'Erode','Tamil Nadu','638002'),
(17,17,'Vellore','Tamil Nadu','632002'),
(18,18,'Tirunelveli','Tamil Nadu','627002'),
(19,19,'Thoothukudi','Tamil Nadu','628002'),
(20,20,'Nagercoil','Tamil Nadu','629002'),
(21,21,'Chennai','Tamil Nadu','600003'),
(22,22,'Coimbatore','Tamil Nadu','641003'),
(23,23,'Madurai','Tamil Nadu','625003'),
(24,24,'Salem','Tamil Nadu','636003'),
(25,25,'Trichy','Tamil Nadu','620003'),
(26,26,'Erode','Tamil Nadu','638003'),
(27,27,'Vellore','Tamil Nadu','632003'),
(28,28,'Tirunelveli','Tamil Nadu','627003'),
(29,29,'Thoothukudi','Tamil Nadu','628003'),
(30,30,'Nagercoil','Tamil Nadu','629003'),
(31,31,'Chennai','Tamil Nadu','600004'),
(32,32,'Coimbatore','Tamil Nadu','641004'),
(33,33,'Madurai','Tamil Nadu','625004'),
(34,34,'Salem','Tamil Nadu','636004'),
(35,35,'Trichy','Tamil Nadu','620004'),
(36,36,'Erode','Tamil Nadu','638004'),
(37,37,'Vellore','Tamil Nadu','632004'),
(38,38,'Tirunelveli','Tamil Nadu','627004'),
(39,39,'Thoothukudi','Tamil Nadu','628004'),
(40,40,'Nagercoil','Tamil Nadu','629004'),
(41,41,'Chennai','Tamil Nadu','600005'),
(42,42,'Coimbatore','Tamil Nadu','641005'),
(43,43,'Madurai','Tamil Nadu','625005'),
(44,44,'Salem','Tamil Nadu','636005'),
(45,45,'Trichy','Tamil Nadu','620005'),
(46,46,'Erode','Tamil Nadu','638005'),
(47,47,'Vellore','Tamil Nadu','632005'),
(48,48,'Tirunelveli','Tamil Nadu','627005'),
(49,49,'Thoothukudi','Tamil Nadu','628005'),
(50,50,'Nagercoil','Tamil Nadu','629005');
INSERT INTO Addresses VALUES
(51,51,'Chennai','Tamil Nadu','600006'),
(52,52,'Coimbatore','Tamil Nadu','641006'),
(53,53,'Madurai','Tamil Nadu','625006'),
(54,54,'Salem','Tamil Nadu','636006'),
(55,55,'Trichy','Tamil Nadu','620006'),
(56,56,'Erode','Tamil Nadu','638006'),
(57,57,'Vellore','Tamil Nadu','632006'),
(58,58,'Tirunelveli','Tamil Nadu','627006'),
(59,59,'Thoothukudi','Tamil Nadu','628006'),
(60,60,'Nagercoil','Tamil Nadu','629006'),
(61,61,'Chennai','Tamil Nadu','600007'),
(62,62,'Coimbatore','Tamil Nadu','641007'),
(63,63,'Madurai','Tamil Nadu','625007'),
(64,64,'Salem','Tamil Nadu','636007'),
(65,65,'Trichy','Tamil Nadu','620007'),
(66,66,'Erode','Tamil Nadu','638007'),
(67,67,'Vellore','Tamil Nadu','632007'),
(68,68,'Tirunelveli','Tamil Nadu','627007'),
(69,69,'Thoothukudi','Tamil Nadu','628007'),
(70,70,'Nagercoil','Tamil Nadu','629007'),
(71,71,'Chennai','Tamil Nadu','600008'),
(72,72,'Coimbatore','Tamil Nadu','641008'),
(73,73,'Madurai','Tamil Nadu','625008'),
(74,74,'Salem','Tamil Nadu','636008'),
(75,75,'Trichy','Tamil Nadu','620008'),
(76,76,'Erode','Tamil Nadu','638008'),
(77,77,'Vellore','Tamil Nadu','632008'),
(78,78,'Tirunelveli','Tamil Nadu','627008'),
(79,79,'Thoothukudi','Tamil Nadu','628008'),
(80,80,'Nagercoil','Tamil Nadu','629008'),
(81,81,'Chennai','Tamil Nadu','600009'),
(82,82,'Coimbatore','Tamil Nadu','641009'),
(83,83,'Madurai','Tamil Nadu','625009'),
(84,84,'Salem','Tamil Nadu','636009'),
(85,85,'Trichy','Tamil Nadu','620009'),
(86,86,'Erode','Tamil Nadu','638009'),
(87,87,'Vellore','Tamil Nadu','632009'),
(88,88,'Tirunelveli','Tamil Nadu','627009'),
(89,89,'Thoothukudi','Tamil Nadu','628009'),
(90,90,'Nagercoil','Tamil Nadu','629009'),
(91,91,'Chennai','Tamil Nadu','600010'),
(92,92,'Coimbatore','Tamil Nadu','641010'),
(93,93,'Madurai','Tamil Nadu','625010'),
(94,94,'Salem','Tamil Nadu','636010'),
(95,95,'Trichy','Tamil Nadu','620010'),
(96,96,'Erode','Tamil Nadu','638010'),
(97,97,'Vellore','Tamil Nadu','632010'),
(98,98,'Tirunelveli','Tamil Nadu','627010'),
(99,99,'Thoothukudi','Tamil Nadu','628010'),
(100,100,'Nagercoil','Tamil Nadu','629010');
INSERT INTO Addresses (AddressID, CustomerID, City, State, Pincode) VALUES
(101, 101, 'Chennai', 'Tamil Nadu', '600001'),
(102, 102, 'Coimbatore', 'Tamil Nadu', '641001'),
(103, 103, 'Madurai', 'Tamil Nadu', '625001'),
(104, 104, 'Trichy', 'Tamil Nadu', '620001'),
(105, 105, 'Salem', 'Tamil Nadu', '636001'),
(106, 106, 'Erode', 'Tamil Nadu', '638001'),
(107, 107, 'Tirunelveli', 'Tamil Nadu', '627001'),
(108, 108, 'Vellore', 'Tamil Nadu', '632001'),
(109, 109, 'Thoothukudi', 'Tamil Nadu', '628001'),
(110, 110, 'Dindigul', 'Tamil Nadu', '624001'),
(111, 111, 'Chennai', 'Tamil Nadu', '600002'),
(112, 112, 'Coimbatore', 'Tamil Nadu', '641002'),
(113, 113, 'Madurai', 'Tamil Nadu', '625002'),
(114, 114, 'Trichy', 'Tamil Nadu', '620002'),
(115, 115, 'Salem', 'Tamil Nadu', '636002'),
(116, 116, 'Erode', 'Tamil Nadu', '638002'),
(117, 117, 'Tirunelveli', 'Tamil Nadu', '627002'),
(118, 118, 'Vellore', 'Tamil Nadu', '632002'),
(119, 119, 'Thoothukudi', 'Tamil Nadu', '628002'),
(120, 120, 'Dindigul', 'Tamil Nadu', '624002'),
(121, 121, 'Chennai', 'Tamil Nadu', '600003'),
(122, 122, 'Coimbatore', 'Tamil Nadu', '641003'),
(123, 123, 'Madurai', 'Tamil Nadu', '625003'),
(124, 124, 'Trichy', 'Tamil Nadu', '620003'),
(125, 125, 'Salem', 'Tamil Nadu', '636003'),
(126, 126, 'Erode', 'Tamil Nadu', '638003'),
(127, 127, 'Tirunelveli', 'Tamil Nadu', '627003'),
(128, 128, 'Vellore', 'Tamil Nadu', '632003'),
(129, 129, 'Thoothukudi', 'Tamil Nadu', '628003'),
(130, 130, 'Dindigul', 'Tamil Nadu', '624003'),
(131, 131, 'Chennai', 'Tamil Nadu', '600004'),
(132, 132, 'Coimbatore', 'Tamil Nadu', '641004'),
(133, 133, 'Madurai', 'Tamil Nadu', '625004'),
(134, 134, 'Trichy', 'Tamil Nadu', '620004'),
(135, 135, 'Salem', 'Tamil Nadu', '636004'),
(136, 136, 'Erode', 'Tamil Nadu', '638004'),
(137, 137, 'Tirunelveli', 'Tamil Nadu', '627004'),
(138, 138, 'Vellore', 'Tamil Nadu', '632004'),
(139, 139, 'Thoothukudi', 'Tamil Nadu', '628004'),
(140, 140, 'Dindigul', 'Tamil Nadu', '624004'),
(141, 141, 'Chennai', 'Tamil Nadu', '600005'),
(142, 142, 'Coimbatore', 'Tamil Nadu', '641005'),
(143, 143, 'Madurai', 'Tamil Nadu', '625005'),
(144, 144, 'Trichy', 'Tamil Nadu', '620005'),
(145, 145, 'Salem', 'Tamil Nadu', '636005'),
(146, 146, 'Erode', 'Tamil Nadu', '638005'),
(147, 147, 'Tirunelveli', 'Tamil Nadu', '627005'),
(148, 148, 'Vellore', 'Tamil Nadu', '632005'),
(149, 149, 'Thoothukudi', 'Tamil Nadu', '628005'),
(150, 150, 'Dindigul', 'Tamil Nadu', '624005'),
(151, 151, 'Chennai', 'Tamil Nadu', '600006'),
(152, 152, 'Coimbatore', 'Tamil Nadu', '641006'),
(153, 153, 'Madurai', 'Tamil Nadu', '625006'),
(154, 154, 'Trichy', 'Tamil Nadu', '620006'),
(155, 155, 'Salem', 'Tamil Nadu', '636006'),
(156, 156, 'Erode', 'Tamil Nadu', '638006'),
(157, 157, 'Tirunelveli', 'Tamil Nadu', '627006'),
(158, 158, 'Vellore', 'Tamil Nadu', '632006'),
(159, 159, 'Thoothukudi', 'Tamil Nadu', '628006'),
(160, 160, 'Dindigul', 'Tamil Nadu', '624006'),
(161, 161, 'Chennai', 'Tamil Nadu', '600007'),
(162, 162, 'Coimbatore', 'Tamil Nadu', '641007'),
(163, 163, 'Madurai', 'Tamil Nadu', '625007'),
(164, 164, 'Trichy', 'Tamil Nadu', '620007'),
(165, 165, 'Salem', 'Tamil Nadu', '636007'),
(166, 166, 'Erode', 'Tamil Nadu', '638007'),
(167, 167, 'Tirunelveli', 'Tamil Nadu', '627007'),
(168, 168, 'Vellore', 'Tamil Nadu', '632007'),
(169, 169, 'Thoothukudi', 'Tamil Nadu', '628007'),
(170, 170, 'Dindigul', 'Tamil Nadu', '624007'),
(171, 171, 'Chennai', 'Tamil Nadu', '600008'),
(172, 172, 'Coimbatore', 'Tamil Nadu', '641008'),
(173, 173, 'Madurai', 'Tamil Nadu', '625008'),
(174, 174, 'Trichy', 'Tamil Nadu', '620008'),
(175, 175, 'Salem', 'Tamil Nadu', '636008'),
(176, 176, 'Erode', 'Tamil Nadu', '638008'),
(177, 177, 'Tirunelveli', 'Tamil Nadu', '627008'),
(178, 178, 'Vellore', 'Tamil Nadu', '632008'),
(179, 179, 'Thoothukudi', 'Tamil Nadu', '628008'),
(180, 180, 'Dindigul', 'Tamil Nadu', '624008'),
(181, 181, 'Chennai', 'Tamil Nadu', '600009'),
(182, 182, 'Coimbatore', 'Tamil Nadu', '641009'),
(183, 183, 'Madurai', 'Tamil Nadu', '625009'),
(184, 184, 'Trichy', 'Tamil Nadu', '620009'),
(185, 185, 'Salem', 'Tamil Nadu', '636009'),
(186, 186, 'Erode', 'Tamil Nadu', '638009'),
(187, 187, 'Tirunelveli', 'Tamil Nadu', '627009'),
(188, 188, 'Vellore', 'Tamil Nadu', '632009'),
(189, 189, 'Thoothukudi', 'Tamil Nadu', '628009'),
(190, 190, 'Dindigul', 'Tamil Nadu', '624009'),
(191, 191, 'Chennai', 'Tamil Nadu', '600010'),
(192, 192, 'Coimbatore', 'Tamil Nadu', '641010'),
(193, 193, 'Madurai', 'Tamil Nadu', '625010'),
(194, 194, 'Trichy', 'Tamil Nadu', '620010'),
(195, 195, 'Salem', 'Tamil Nadu', '636010'),
(196, 196, 'Erode', 'Tamil Nadu', '638010'),
(197, 197, 'Tirunelveli', 'Tamil Nadu', '627010'),
(198, 198, 'Vellore', 'Tamil Nadu', '632010'),
(199, 199, 'Thoothukudi', 'Tamil Nadu', '628010'),
(200, 200, 'Dindigul', 'Tamil Nadu', '624010');
select*from Addresses;

CREATE TABLE Categories (CategoryID INT PRIMARY KEY,CategoryName VARCHAR(100));
INSERT INTO Categories (CategoryID, CategoryName) VALUES
(1, 'Electronics'),
(2, 'Mobiles'),
(3, 'Laptops'),
(4, 'Tablets'),
(5, 'Accessories'),
(6, 'Headphones'),
(7, 'Speakers'),
(8, 'Cameras'),
(9, 'Gaming'),
(10, 'Smart Watches'),
(11, 'Home Appliances'),
(12, 'Kitchen Appliances'),
(13, 'Refrigerators'),
(14, 'Washing Machines'),
(15, 'Air Conditioners'),
(16, 'Fans'),
(17, 'Lighting'),
(18, 'Water Purifiers'),
(19, 'Microwaves'),
(20, 'Vacuum Cleaners'),
(21, 'Men Clothing'),
(22, 'Women Clothing'),
(23, 'Kids Clothing'),
(24, 'Footwear'),
(25, 'Sportswear'),
(26, 'Winter Wear'),
(27, 'Ethnic Wear'),
(28, 'Innerwear'),
(29, 'Watches'),
(30, 'Jewellery'),
(31, 'Beauty Products'),
(32, 'Skincare'),
(33, 'Hair Care'),
(34, 'Makeup'),
(35, 'Fragrances'),
(36, 'Personal Care'),
(37, 'Health Care'),
(38, 'Medical Supplies'),
(39, 'Fitness'),
(40, 'Supplements'),
(41, 'Books'),
(42, 'Stationery'),
(43, 'Office Supplies'),
(44, 'School Supplies'),
(45, 'Art Supplies'),
(46, 'Musical Instruments'),
(47, 'Movies'),
(48, 'Music'),
(49, 'Toys'),
(50, 'Baby Products'),
(51, 'Furniture'),
(52, 'Home Decor'),
(53, 'Bedding'),
(54, 'Kitchenware'),
(55, 'Storage'),
(56, 'Garden Tools'),
(57, 'Tools'),
(58, 'Hardware'),
(59, 'Automotive'),
(60, 'Car Accessories'),
(61, 'Bike Accessories'),
(62, 'Pet Supplies'),
(63, 'Pet Food'),
(64, 'Pet Toys'),
(65, 'Groceries'),
(66, 'Fruits & Vegetables'),
(67, 'Snacks'),
(68, 'Beverages'),
(69, 'Dairy Products'),
(70, 'Bakery'),
(71, 'Frozen Foods'),
(72, 'Organic Products'),
(73, 'Imported Goods'),
(74, 'Luxury Items'),
(75, 'Gift Items'),
(76, 'Party Supplies'),
(77, 'Travel Accessories'),
(78, 'Luggage'),
(79, 'Safety Equipment'),
(80, 'Industrial Supplies'),
(81, 'Software'),
(82, 'Online Courses'),
(83, 'Subscriptions'),
(84, 'Digital Services'),
(85, 'Cloud Storage'),
(86, 'Domain Services'),
(87, 'Web Hosting'),
(88, 'Networking'),
(89, 'Security Software'),
(90, 'Antivirus'),
(91, 'Furniture Office'),
(92, 'Work From Home Setup'),
(93, 'Smart Home Devices'),
(94, 'IoT Devices'),
(95, 'Drones'),
(96, 'Robotics'),
(97, 'AI Tools'),
(98, 'AR/VR Devices'),
(99, 'Wearable Tech'),
(100, 'Eco Friendly Products');
INSERT INTO Categories (CategoryID, CategoryName) VALUES
(101, 'Smart Devices'),
(102, 'Mobile Accessories'),
(103, 'Laptop Accessories'),
(104, 'Computer Components'),
(105, 'Monitors'),
(106, 'Printers'),
(107, 'Scanners'),
(108, 'Networking Devices'),
(109, 'Storage Devices'),
(110, 'External Hard Drives'),
(111, 'USB Devices'),
(112, 'Power Banks'),
(113, 'Chargers'),
(114, 'Cables'),
(115, 'Adapters'),
(116, 'Projectors'),
(117, 'Smart TVs'),
(118, 'Set Top Boxes'),
(119, 'Streaming Devices'),
(120, 'Audio Systems'),
(121, 'Mobile Phones Budget'),
(122, 'Mobile Phones Premium'),
(123, 'Android Phones'),
(124, 'iOS Phones'),
(125, 'Refurbished Phones'),
(126, 'Second Hand Devices'),
(127, 'Repair Services'),
(128, 'Mobile Insurance'),
(129, 'Device Protection'),
(130, 'Extended Warranty'),
(131, 'Gaming Consoles'),
(132, 'Gaming Accessories'),
(133, 'PC Gaming'),
(134, 'Mobile Gaming'),
(135, 'Game Controllers'),
(136, 'Gaming Chairs'),
(137, 'Gaming Desks'),
(138, 'VR Gaming'),
(139, 'eSports Equipment'),
(140, 'Gaming Software'),
(141, 'Fashion Accessories'),
(142, 'Bags & Wallets'),
(143, 'Sunglasses'),
(144, 'Belts'),
(145, 'Hats'),
(146, 'Scarves'),
(147, 'Socks'),
(148, 'Shoes Men'),
(149, 'Shoes Women'),
(150, 'Shoes Kids'),
(151, 'Ethnic Men Wear'),
(152, 'Ethnic Women Wear'),
(153, 'Western Wear'),
(154, 'Formal Wear'),
(155, 'Casual Wear'),
(156, 'Party Wear'),
(157, 'Designer Wear'),
(158, 'Branded Clothing'),
(159, 'Local Clothing'),
(160, 'Handloom Products'),
(161, 'Organic Beauty'),
(162, 'Herbal Products'),
(163, 'Ayurvedic Products'),
(164, 'Skin Treatments'),
(165, 'Hair Treatments'),
(166, 'Salon Services'),
(167, 'Spa Services'),
(168, 'Massage Products'),
(169, 'Wellness Products'),
(170, 'Mental Health Apps'),
(171, 'Education Software'),
(172, 'E-Learning Platforms'),
(173, 'Coding Courses'),
(174, 'AI Courses'),
(175, 'Data Science Courses'),
(176, 'Cloud Courses'),
(177, 'Exam Preparation'),
(178, 'Competitive Exams'),
(179, 'Skill Development'),
(180, 'Internship Programs'),
(181, 'Real Estate'),
(182, 'Rental Services'),
(183, 'Construction Materials'),
(184, 'Architecture Services'),
(185, 'Interior Design'),
(186, 'Exterior Design'),
(187, 'Home Renovation'),
(188, 'Cleaning Services'),
(189, 'Maintenance Services'),
(190, 'Repair Services'),
(191, 'Banking Services'),
(192, 'Insurance Services'),
(193, 'Loan Services'),
(194, 'Investment Services'),
(195, 'Stock Trading'),
(196, 'Crypto Trading'),
(197, 'Tax Services'),
(198, 'Legal Services'),
(199, 'Consulting Services'),
(200, 'Business Services');
select*from Categories;

CREATE TABLE SubCategories (SubCategoryID INT PRIMARY KEY,CategoryID INT,SubCategoryName VARCHAR(100),FOREIGN KEY (CategoryID) REFERENCES Categories(CategoryID));
INSERT INTO SubCategories (SubCategoryID, CategoryID, SubCategoryName) VALUES
(1, 1, 'Smartphones'),
(2, 1, 'Feature Phones'),
(3, 2, 'Android Phones'),
(4, 2, 'iPhones'),
(5, 3, 'Gaming Laptops'),
(6, 3, 'Business Laptops'),
(7, 4, 'Android Tablets'),
(8, 4, 'iPads'),
(9, 5, 'Mobile Covers'),
(10, 5, 'Screen Protectors'),
(11, 6, 'Wireless Headphones'),
(12, 6, 'Wired Headphones'),
(13, 7, 'Bluetooth Speakers'),
(14, 7, 'Home Theater Speakers'),
(15, 8, 'DSLR Cameras'),
(16, 8, 'Mirrorless Cameras'),
(17, 9, 'Gaming Consoles'),
(18, 9, 'Gaming Accessories'),
(19, 10, 'Smart Watches'),
(20, 10, 'Fitness Bands'),
(21, 11, 'Refrigerators Single Door'),
(22, 11, 'Refrigerators Double Door'),
(23, 12, 'Gas Stoves'),
(24, 12, 'Mixer Grinders'),
(25, 13, 'Top Freezer Fridges'),
(26, 13, 'Mini Fridges'),
(27, 14, 'Front Load Washing Machine'),
(28, 14, 'Top Load Washing Machine'),
(29, 15, 'Split AC'),
(30, 15, 'Window AC'),
(31, 16, 'Ceiling Fans'),
(32, 16, 'Table Fans'),
(33, 17, 'LED Bulbs'),
(34, 17, 'Smart Lights'),
(35, 18, 'RO Water Purifiers'),
(36, 18, 'UV Water Purifiers'),
(37, 19, 'Microwave Ovens'),
(38, 19, 'OTG Ovens'),
(39, 20, 'Robot Vacuum'),
(40, 20, 'Handheld Vacuum'),
(41, 21, 'Men T-Shirts'),
(42, 21, 'Men Jeans'),
(43, 22, 'Women Tops'),
(44, 22, 'Women Dresses'),
(45, 23, 'Kids Shirts'),
(46, 23, 'Kids Pants'),
(47, 24, 'Sports Shoes'),
(48, 24, 'Casual Shoes'),
(49, 25, 'Running Wear'),
(50, 25, 'Gym Wear'),
(51, 26, 'Winter Jackets'),
(52, 26, 'Sweaters'),
(53, 27, 'Sarees'),
(54, 27, 'Salwar Suits'),
(55, 28, 'Men Innerwear'),
(56, 28, 'Women Innerwear'),
(57, 29, 'Analog Watches'),
(58, 29, 'Digital Watches'),
(59, 30, 'Gold Jewellery'),
(60, 30, 'Silver Jewellery'),
(61, 31, 'Face Creams'),
(62, 31, 'Body Lotions'),
(63, 32, 'Face Wash'),
(64, 32, 'Moisturizers'),
(65, 33, 'Shampoo'),
(66, 33, 'Conditioner'),
(67, 34, 'Lipstick'),
(68, 34, 'Foundation'),
(69, 35, 'Perfumes'),
(70, 35, 'Deodorants'),
(71, 36, 'Soap'),
(72, 36, 'Hand Wash'),
(73, 37, 'Health Monitors'),
(74, 37, 'First Aid'),
(75, 38, 'Masks'),
(76, 38, 'Sanitizers'),
(77, 39, 'Gym Equipment'),
(78, 39, 'Yoga Mats'),
(79, 40, 'Vitamins'),
(80, 40, 'Protein Powders'),
(81, 41, 'Novels'),
(82, 41, 'Academic Books'),
(83, 42, 'Pens'),
(84, 42, 'Notebooks'),
(85, 43, 'Office Chairs'),
(86, 43, 'Office Desks'),
(87, 44, 'School Bags'),
(88, 44, 'School Uniforms'),
(89, 45, 'Paints'),
(90, 45, 'Brushes'),
(91, 46, 'Guitars'),
(92, 46, 'Keyboards'),
(93, 47, 'Movies DVDs'),
(94, 47, 'Streaming Subscriptions'),
(95, 48, 'Music Albums'),
(96, 48, 'Music Instruments'),
(97, 49, 'Kids Toys'),
(98, 49, 'Educational Toys'),
(99, 50, 'Baby Clothing'),
(100, 50, 'Baby Care Products');
INSERT INTO SubCategories (SubCategoryID, CategoryID, SubCategoryName) VALUES
(101, 51, 'Sofas'),
(102, 51, 'Beds'),
(103, 52, 'Wall Decor'),
(104, 52, 'Photo Frames'),
(105, 53, 'Bedsheets'),
(106, 53, 'Pillows'),
(107, 54, 'Cookware Sets'),
(108, 54, 'Kitchen Tools'),
(109, 55, 'Plastic Storage Boxes'),
(110, 55, 'Steel Storage Units'),
(111, 56, 'Garden Plants'),
(112, 56, 'Watering Tools'),
(113, 57, 'Hand Tools'),
(114, 57, 'Power Tools'),
(115, 58, 'Nails & Screws'),
(116, 58, 'Building Materials'),
(117, 59, 'Car Oils'),
(118, 59, 'Car Cleaning Kits'),
(119, 60, 'Seat Covers'),
(120, 60, 'Car Mats'),
(121, 61, 'Bike Helmets'),
(122, 61, 'Bike Covers'),
(123, 62, 'Dog Supplies'),
(124, 62, 'Cat Supplies'),
(125, 63, 'Dog Food'),
(126, 63, 'Cat Food'),
(127, 64, 'Chew Toys'),
(128, 64, 'Pet Beds'),
(129, 65, 'Rice & Grains'),
(130, 65, 'Cooking Oil'),
(131, 66, 'Fresh Fruits'),
(132, 66, 'Fresh Vegetables'),
(133, 67, 'Chips'),
(134, 67, 'Biscuits'),
(135, 68, 'Soft Drinks'),
(136, 68, 'Juices'),
(137, 69, 'Milk Products'),
(138, 69, 'Cheese'),
(139, 70, 'Breads'),
(140, 70, 'Cakes'),
(141, 71, 'Frozen Vegetables'),
(142, 71, 'Frozen Snacks'),
(143, 72, 'Organic Rice'),
(144, 72, 'Organic Vegetables'),
(145, 73, 'Imported Chocolates'),
(146, 73, 'Imported Snacks'),
(147, 74, 'Luxury Watches'),
(148, 74, 'Luxury Bags'),
(149, 75, 'Birthday Gifts'),
(150, 75, 'Anniversary Gifts'),
(151, 76, 'Balloons'),
(152, 76, 'Decor Kits'),
(153, 77, 'Travel Bags'),
(154, 77, 'Travel Pillows'),
(155, 78, 'Suitcases'),
(156, 78, 'Travel Trolleys'),
(157, 79, 'Fire Safety'),
(158, 79, 'Safety Helmets'),
(159, 80, 'Factory Tools'),
(160, 80, 'Heavy Machinery'),
(161, 81, 'Operating Systems'),
(162, 81, 'Office Software'),
(163, 82, 'Programming Courses'),
(164, 82, 'Design Courses'),
(165, 83, 'OTT Subscriptions'),
(166, 83, 'Music Subscriptions'),
(167, 84, 'Email Services'),
(168, 84, 'Cloud Backup'),
(169, 85, 'Google Drive'),
(170, 85, 'Dropbox'),
(171, 86, 'Domain Registration'),
(172, 86, 'Domain Transfer'),
(173, 87, 'Shared Hosting'),
(174, 87, 'VPS Hosting'),
(175, 88, 'Routers'),
(176, 88, 'Switches'),
(177, 89, 'Firewall Software'),
(178, 89, 'Encryption Tools'),
(179, 90, 'PC Antivirus'),
(180, 90, 'Mobile Antivirus'),
(181, 91, 'Office Tables'),
(182, 91, 'Office Storage'),
(183, 92, 'Desks'),
(184, 92, 'Chairs'),
(185, 93, 'Smart Bulbs'),
(186, 93, 'Smart Cameras'),
(187, 94, 'Smart Sensors'),
(188, 94, 'Automation Kits'),
(189, 95, 'Camera Drones'),
(190, 95, 'Racing Drones'),
(191, 96, 'Educational Robots'),
(192, 96, 'Industrial Robots'),
(193, 97, 'AI Chatbots'),
(194, 97, 'AI Tools SaaS'),
(195, 98, 'VR Headsets'),
(196, 98, 'AR Glasses'),
(197, 99, 'Smart Bands'),
(198, 99, 'Smart Rings'),
(199, 100, 'Eco Bags'),
(200, 100, 'Reusable Bottles');
select*from SubCategories;

CREATE TABLE Brands (BrandID INT PRIMARY KEY,BrandName VARCHAR(100));
INSERT INTO Brands (BrandID, BrandName) VALUES
(1, 'Samsung'),
(2, 'Apple'),
(3, 'Sony'),
(4, 'LG'),
(5, 'Dell'),
(6, 'HP'),
(7, 'Lenovo'),
(8, 'Asus'),
(9, 'Acer'),
(10, 'Microsoft'),
(11, 'Nike'),
(12, 'Adidas'),
(13, 'Puma'),
(14, 'Reebok'),
(15, 'Under Armour'),
(16, 'Fossil'),
(17, 'Casio'),
(18, 'Titan'),
(19, 'Boat'),
(20, 'Noise'),
(21, 'OnePlus'),
(22, 'Xiaomi'),
(23, 'Realme'),
(24, 'Oppo'),
(25, 'Vivo'),
(26, 'Nokia'),
(27, 'Motorola'),
(28, 'Intel'),
(29, 'AMD'),
(30, 'NVIDIA'),
(31, 'Canon'),
(32, 'Nikon'),
(33, 'Panasonic'),
(34, 'Philips'),
(35, 'Bajaj'),
(36, 'Prestige'),
(37, 'Havells'),
(38, 'Usha'),
(39, 'Crompton'),
(40, 'Whirlpool'),
(41, 'Godrej'),
(42, 'Haier'),
(43, 'Blue Star'),
(44, 'Carrier'),
(45, 'Voltas'),
(46, 'Hitachi'),
(47, 'Tata'),
(48, 'Mahindra'),
(49, 'Maruti Suzuki'),
(50, 'Hyundai'),
(51, 'Ford'),
(52, 'Toyota'),
(53, 'Honda'),
(54, 'Kia'),
(55, 'Renault'),
(56, 'Skoda'),
(57, 'BMW'),
(58, 'Audi'),
(59, 'Mercedes-Benz'),
(60, 'Jaguar'),
(61, 'Lexus'),
(62, 'Tesla'),
(63, 'Zara'),
(64, 'H&M'),
(65, 'Levis'),
(66, 'Wrangler'),
(67, 'Raymond'),
(68, 'Peter England'),
(69, 'Allen Solly'),
(70, 'Van Heusen'),
(71, 'Wildcraft'),
(72, 'American Tourister'),
(73, 'Skybags'),
(74, 'VIP'),
(75, 'Safari'),
(76, 'Dove'),
(77, 'Nivea'),
(78, 'Garnier'),
(79, 'LOreal'),
(80, 'Maybelline'),
(81, 'Lakme'),
(82, 'Patanjali'),
(83, 'Himalaya'),
(84, 'Organic India'),
(85, 'Horlicks'),
(86, 'Boost'),
(87, 'Complan'),
(88, 'Nestle'),
(89, 'Amul'),
(90, 'Britannia'),
(91, 'Parle'),
(92, 'Cadbury'),
(93, 'Nestle Pure Life'),
(94, 'Bisleri'),
(95, 'Red Bull'),
(96, 'Pepsi'),
(97, 'Coca Cola'),
(98, 'Sprite'),
(99, 'Fanta'),
(100, 'Thums Up');
INSERT INTO Brands (BrandID, BrandName) VALUES
(101, 'Intel Core'),
(102, 'AMD Ryzen'),
(103, 'NVIDIA GeForce'),
(104, 'Kingston'),
(105, 'Sandisk'),
(106, 'Seagate'),
(107, 'Western Digital'),
(108, 'Toshiba'),
(109, 'Logitech'),
(110, 'Razer'),
(111, 'HyperX'),
(112, 'Corsair'),
(113, 'Zebronics'),
(114, 'Intex'),
(115, 'Micromax'),
(116, 'Karbonn'),
(117, 'Infinix'),
(118, 'Tecno'),
(119, 'iQOO'),
(120, 'Nothing'),
(121, 'Realme TechLife'),
(122, 'OnePlus Nord'),
(123, 'Apple Watch'),
(124, 'Samsung Galaxy'),
(125, 'Mi'),
(126, 'Redmi'),
(127, 'POCO'),
(128, 'Honor'),
(129, 'Asus ROG'),
(130, 'Lenovo Legion'),
(131, 'HP Pavilion'),
(132, 'Dell Inspiron'),
(133, 'Acer Aspire'),
(134, 'MSI'),
(135, 'Gigabyte'),
(136, 'BenQ'),
(137, 'ViewSonic'),
(138, 'Epson'),
(139, 'Brother'),
(140, 'Xerox'),
(141, 'Sharp'),
(142, 'Kenwood'),
(143, 'Morphy Richards'),
(144, 'Black & Decker'),
(145, 'DeLonghi'),
(146, 'KitchenAid'),
(147, 'Cuisinart'),
(148, 'Hawkins'),
(149, 'Pigeon'),
(150, 'Butterfly'),
(151, 'Prestige Smart Kitchen'),
(152, 'Usha Fans'),
(153, 'Bajaj Electricals'),
(154, 'Havells India'),
(155, 'Orient Electric'),
(156, 'Crompton Greaves'),
(157, 'Syska'),
(158, 'Wipro Lighting'),
(159, 'Surya'),
(160, 'Halonix'),
(161, 'LG Electronics'),
(162, 'Samsung Electronics'),
(163, 'Sony India'),
(164, 'Panasonic India'),
(165, 'Philips India'),
(166, 'Voltas Beko'),
(167, 'Blue Star India'),
(168, 'Carrier India'),
(169, 'Godrej Appliances'),
(170, 'Haier India'),
(171, 'Whirlpool India'),
(172, 'IFB'),
(173, 'Bosch'),
(174, 'Siemens'),
(175, 'Hitachi India'),
(176, 'Daikin'),
(177, 'O General'),
(178, 'Cruise'),
(179, 'Lloyd'),
(180, 'Onida'),
(181, 'Vivo India'),
(182, 'Oppo India'),
(183, 'Xiaomi India'),
(184, 'Realme India'),
(185, 'OnePlus India'),
(186, 'Samsung India'),
(187, 'Apple India'),
(188, 'Nokia India'),
(189, 'Motorola India'),
(190, 'Lava'),
(191, 'JBL'),
(192, 'Skullcandy'),
(193, 'Sennheiser'),
(194, 'AKG'),
(195, 'Bose'),
(196, 'Marshall'),
(197, 'Sonos'),
(198, 'Boat Lifestyle'),
(199, 'Noise India'),
(200, 'Fire-Boltt');
select*from brands;

CREATE TABLE Products (ProductID INT PRIMARY KEY,ProductName VARCHAR(150),CategoryID INT,BrandID INT,Price DECIMAL(10,2),StockQty INT,FOREIGN KEY (CategoryID) REFERENCES Categories(CategoryID),FOREIGN KEY (BrandID) REFERENCES Brands(BrandID));
INSERT INTO Products (ProductID, ProductName, CategoryID, BrandID, Price, StockQty) VALUES
(1, 'Samsung Galaxy S24', 2, 1, 79999.00, 50),
(2, 'iPhone 15', 2, 2, 89999.00, 40),
(3, 'OnePlus 12', 2, 21, 64999.00, 60),
(4, 'Redmi Note 13', 2, 22, 19999.00, 120),
(5, 'Realme Narzo 60', 2, 23, 17999.00, 100),
(6, 'Dell Inspiron 15', 3, 6, 58999.00, 35),
(7, 'HP Pavilion 14', 3, 131, 62999.00, 30),
(8, 'Lenovo Legion 5', 3, 130, 99999.00, 25),
(9, 'Asus ROG Strix', 3, 129, 129999.00, 20),
(10, 'Acer Aspire 7', 3, 9, 54999.00, 45),
(11, 'Sony WH-1000XM5', 6, 3, 29999.00, 80),
(12, 'Boat Rockerz 450', 6, 19, 1499.00, 200),
(13, 'Noise Air Buds', 6, 20, 1999.00, 180),
(14, 'JBL Flip 6', 7, 191, 11999.00, 90),
(15, 'Bose SoundLink', 7, 195, 21999.00, 40),
(16, 'Canon EOS 1500D', 8, 31, 38999.00, 25),
(17, 'Nikon D3500', 8, 32, 39999.00, 22),
(18, 'Sony Alpha A6000', 8, 3, 49999.00, 18),
(19, 'Samsung 55 inch Smart TV', 17, 1, 55999.00, 30),
(20, 'LG 43 inch Smart TV', 17, 4, 39999.00, 35),
(21, 'Whirlpool Refrigerator 260L', 13, 40, 24999.00, 40),
(22, 'LG Double Door Fridge', 13, 4, 32999.00, 28),
(23, 'Samsung Refrigerator 300L', 13, 1, 35999.00, 32),
(24, 'Bosch Washing Machine', 14, 173, 41999.00, 20),
(25, 'IFB Front Load Washer', 14, 172, 38999.00, 22),
(26, 'Voltas 1.5 Ton AC', 15, 45, 35999.00, 30),
(27, 'LG Split AC', 15, 4, 42999.00, 26),
(28, 'Nike Running Shoes', 24, 11, 4999.00, 150),
(29, 'Adidas Sports Shoes', 24, 12, 4599.00, 140),
(30, 'Puma Casual Shoes', 24, 13, 3999.00, 160),
(31, 'Levis Jeans', 21, 65, 2499.00, 200),
(32, 'Raymond Formal Shirt', 21, 67, 1999.00, 180),
(33, 'Lakme Face Cream', 31, 81, 299.00, 500),
(34, 'Nivea Body Lotion', 31, 77, 399.00, 450),
(35, 'Dove Shampoo', 33, 76, 249.00, 600),
(36, 'Himalaya Face Wash', 32, 83, 199.00, 550),
(37, 'Prestige Gas Stove', 54, 36, 3499.00, 80),
(38, 'Bajaj Mixer Grinder', 54, 35, 2799.00, 90),
(39, 'Apple Watch Series 9', 10, 2, 41999.00, 25),
(40, 'Samsung Galaxy Watch', 10, 1, 22999.00, 40),
(41, 'Canon Printer LBP2900', 106, 31, 11999.00, 30),
(42, 'HP LaserJet Printer', 106, 6, 14999.00, 28),
(43, 'Kingston SSD 1TB', 109, 104, 6999.00, 120),
(44, 'WD External HDD 2TB', 109, 107, 5999.00, 140),
(45, 'Logitech Mouse', 111, 109, 799.00, 300),
(46, 'Razer Gaming Mouse', 111, 110, 2999.00, 120),
(47, 'Corsair Gaming Keyboard', 112, 112, 4999.00, 100),
(48, 'Zebronics Keyboard', 112, 113, 699.00, 250),
(49, 'Samsung Microwave Oven', 19, 1, 8999.00, 60),
(50, 'LG Microwave Oven', 19, 4, 7999.00, 65),
(51, 'Godrej Sofa Set', 51, 41, 19999.00, 20),
(52, 'Nilkamal Plastic Chair', 51, 41, 799.00, 400),
(53, 'Wildcraft Backpack', 142, 71, 1499.00, 250),
(54, 'American Tourister Bag', 142, 72, 1999.00, 220),
(55, 'Cadbury Dairy Milk', 92, 92, 50.00, 1000),
(56, 'Amul Butter', 69, 89, 60.00, 800),
(57, 'Bisleri Water Bottle', 94, 94, 20.00, 2000),
(58, 'Coca Cola 1L', 97, 97, 45.00, 1500),
(59, 'Dell Monitor 24 inch', 105, 6, 10999.00, 70),
(60, 'Samsung Monitor 27 inch', 105, 1, 15999.00, 60),
(61, 'Intel i5 Processor', 104, 101, 14999.00, 80),
(62, 'AMD Ryzen 5', 104, 102, 13999.00, 85),
(63, 'NVIDIA RTX 4060', 104, 103, 32999.00, 30),
(64, 'Asus Motherboard', 104, 8, 9999.00, 75),
(65, 'Boat Smart Watch', 10, 19, 2499.00, 200),
(66, 'Noise Smart Band', 10, 20, 1499.00, 250),
(67, 'Samsung Galaxy Tab', 4, 1, 25999.00, 40),
(68, 'Apple iPad Air', 4, 2, 54999.00, 30),
(69, 'Canon DSLR Lens', 8, 31, 14999.00, 50),
(70, 'Nikon Camera Bag', 8, 32, 1999.00, 60),
(71, 'Sony Home Theater', 7, 3, 19999.00, 35),
(72, 'Philips Speakers', 7, 34, 7999.00, 80),
(73, 'Voltas Air Cooler', 15, 45, 9999.00, 90),
(74, 'Havells Ceiling Fan', 16, 37, 2499.00, 200),
(75, 'Bajaj Table Fan', 16, 35, 1499.00, 250),
(76, 'Philips LED Bulb', 17, 34, 199.00, 1000),
(77, 'Prestige Pressure Cooker', 54, 36, 1299.00, 300),
(78, 'Hawkins Cooker', 54, 148, 1199.00, 280),
(79, 'LG Washing Machine Top Load', 14, 4, 28999.00, 40),
(80, 'Samsung Washing Machine Front Load', 14, 1, 35999.00, 35),
(81, 'OnePlus Buds', 6, 21, 2999.00, 180),
(82, 'Apple AirPods Pro', 6, 2, 22999.00, 70),
(83, 'Realme Power Bank', 113, 23, 1299.00, 500),
(84, 'Mi Power Bank', 113, 125, 999.00, 600),
(85, 'Samsung Charger 25W', 113, 1, 1499.00, 400),
(86, 'Apple Lightning Cable', 114, 2, 1999.00, 300),
(87, 'Lenovo Laptop Bag', 142, 7, 1499.00, 220),
(88, 'HP Laptop Backpack', 142, 6, 1599.00, 210),
(89, 'Zara Women Dress', 22, 63, 2999.00, 180),
(90, 'H&M T-Shirt', 21, 64, 999.00, 250),
(91, 'Titan Analog Watch', 29, 18, 3999.00, 150),
(92, 'Fossil Watch', 29, 16, 7999.00, 120),
(93, 'Skullcandy Headphones', 6, 192, 1999.00, 180),
(94, 'Sennheiser Headphones', 6, 193, 5999.00, 100),
(95, 'Marshall Speaker', 7, 196, 15999.00, 60),
(96, 'Sony Wireless Speaker', 7, 3, 12999.00, 70),
(97, 'Lenovo Gaming Laptop', 3, 130, 89999.00, 20),
(98, 'Asus Gaming Mouse Pad', 111, 8, 499.00, 500),
(99, 'Samsung Smart Bulb', 93, 1, 999.00, 400),
(100, 'Philips Smart Light', 93, 34, 1299.00, 350);
INSERT INTO Products (ProductID, ProductName, CategoryID, BrandID, Price, StockQty) VALUES
(101, 'Dell XPS 13', 3, 6, 109999.00, 18),
(102, 'HP Envy Laptop', 3, 6, 89999.00, 22),
(103, 'Lenovo ThinkPad', 3, 7, 79999.00, 30),
(104, 'Asus VivoBook', 3, 8, 54999.00, 40),
(105, 'Acer Nitro 5', 3, 9, 74999.00, 28),
(106, 'Samsung Galaxy A54', 2, 1, 34999.00, 80),
(107, 'iPhone 14', 2, 2, 79999.00, 35),
(108, 'OnePlus Nord CE', 2, 21, 24999.00, 120),
(109, 'Realme 11 Pro', 2, 23, 23999.00, 140),
(110, 'Vivo V29', 2, 25, 32999.00, 110),
(111, 'Sony Alpha ZV-E10', 8, 3, 65999.00, 20),
(112, 'Canon EOS R50', 8, 31, 72999.00, 18),
(113, 'Nikon Z30', 8, 32, 69999.00, 16),
(114, 'GoPro Hero 12', 8, 3, 49999.00, 25),
(115, 'DJI Pocket Camera', 8, 95, 39999.00, 30),
(116, 'Samsung 65 Inch QLED TV', 17, 1, 89999.00, 20),
(117, 'LG 55 Inch OLED TV', 17, 4, 79999.00, 18),
(118, 'Sony Bravia 4K TV', 17, 3, 84999.00, 22),
(119, 'OnePlus TV 50 Inch', 17, 21, 44999.00, 25),
(120, 'Mi TV 55 Inch', 17, 125, 39999.00, 35),
(121, 'Whirlpool 7Kg Washing Machine', 14, 40, 27999.00, 30),
(122, 'Samsung EcoBubble Washer', 14, 1, 42999.00, 25),
(123, 'LG 9Kg Washing Machine', 14, 4, 45999.00, 22),
(124, 'IFB 8Kg Front Load', 14, 172, 38999.00, 20),
(125, 'Bosch Series 6 Washer', 14, 173, 49999.00, 18),
(126, 'Voltas 1 Ton AC', 15, 45, 28999.00, 35),
(127, 'Blue Star AC 1.5 Ton', 15, 43, 39999.00, 28),
(128, 'Daikin Split AC', 15, 176, 45999.00, 22),
(129, 'LG Dual Inverter AC', 15, 4, 42999.00, 30),
(130, 'Samsung WindFree AC', 15, 1, 47999.00, 26),
(131, 'Havells Air Purifier', 37, 37, 12999.00, 40),
(132, 'Philips Air Purifier', 37, 34, 14999.00, 35),
(133, 'Dyson Air Purifier', 37, 3, 49999.00, 15),
(134, 'Mi Air Purifier', 37, 125, 9999.00, 60),
(135, 'Coway Air Purifier', 37, 170, 15999.00, 25),
(136, 'Nike Air Max Shoes', 24, 11, 8999.00, 120),
(137, 'Adidas Ultraboost', 24, 12, 9999.00, 110),
(138, 'Puma Running Shoes', 24, 13, 6999.00, 130),
(139, 'Reebok Training Shoes', 24, 14, 5999.00, 140),
(140, 'Sketchers Walk Shoes', 24, 60, 5499.00, 150),
(141, 'Levis Slim Fit Jeans', 21, 65, 2799.00, 200),
(142, 'Wrangler Denim Jeans', 21, 66, 2499.00, 190),
(143, 'Raymond Formal Pant', 21, 67, 2299.00, 180),
(144, 'Peter England Shirt', 21, 68, 1999.00, 210),
(145, 'Allen Solly Shirt', 21, 69, 2199.00, 220),
(146, 'Lakme Lipstick Set', 34, 81, 799.00, 500),
(147, 'Maybelline Foundation', 34, 80, 699.00, 450),
(148, 'LOreal Hair Color', 33, 79, 499.00, 400),
(149, 'Garnier Shampoo Combo', 33, 78, 399.00, 550),
(150, 'Nivea Skin Care Kit', 31, 77, 999.00, 350),
(151, 'Prestige Induction Cooktop', 54, 36, 3499.00, 100),
(152, 'Bajaj Induction Stove', 54, 35, 2999.00, 110),
(153, 'Hawkins Pressure Cooker 5L', 54, 148, 1499.00, 200),
(154, 'Butterfly Mixer Grinder', 54, 150, 2599.00, 180),
(155, 'Philips Juicer Mixer', 54, 34, 3999.00, 160),
(156, 'Amazon Basics Power Bank', 113, 84, 1499.00, 500),
(157, 'Mi 20000mAh Power Bank', 113, 125, 1999.00, 600),
(158, 'Realme Fast Charger', 113, 23, 1299.00, 450),
(159, 'Samsung Wireless Charger', 113, 1, 2499.00, 300),
(160, 'Apple MagSafe Charger', 113, 2, 3499.00, 200),
(161, 'Logitech Wireless Mouse', 111, 109, 999.00, 400),
(162, 'Razer Gaming Keyboard', 112, 110, 6999.00, 150),
(163, 'Corsair RGB Keyboard', 112, 112, 8999.00, 120),
(164, 'Zebronics Gaming Headset', 6, 113, 1499.00, 300),
(165, 'Boat Immortal Gaming Headset', 6, 19, 1999.00, 350),
(166, 'Samsung Refrigerator 400L', 13, 1, 42999.00, 30),
(167, 'LG Smart Refrigerator', 13, 4, 49999.00, 25),
(168, 'Whirlpool Frost Free Fridge', 13, 40, 35999.00, 28),
(169, 'Haier Mini Refrigerator', 13, 42, 14999.00, 60),
(170, 'Godrej Double Door Fridge', 13, 41, 32999.00, 35),
(171, 'Boat Bluetooth Speaker Mini', 7, 19, 1499.00, 500),
(172, 'JBL Party Speaker', 7, 191, 12999.00, 80),
(173, 'Sony Extra Bass Speaker', 7, 3, 9999.00, 90),
(174, 'Philips Soundbar', 7, 34, 7999.00, 110),
(175, 'Bose Home Speaker', 7, 195, 19999.00, 60),
(176, 'Samsung Smart Watch 6', 10, 1, 27999.00, 40),
(177, 'Apple Watch SE', 10, 2, 29999.00, 35),
(178, 'Noise ColorFit Pro', 10, 20, 1999.00, 500),
(179, 'Boat Smart Band', 10, 19, 1499.00, 600),
(180, 'Fire-Boltt Ninja Watch', 10, 200, 1799.00, 550),
(181, 'Lenovo Tablet M10', 4, 7, 14999.00, 80),
(182, 'Samsung Tab S9', 4, 1, 69999.00, 30),
(183, 'Apple iPad Mini', 4, 2, 49999.00, 25),
(184, 'Realme Pad X', 4, 23, 19999.00, 70),
(185, 'Nokia T21 Tablet', 4, 26, 17999.00, 60),
(186, 'Canon Ink Cartridge', 106, 31, 999.00, 500),
(187, 'HP Printer Ink Set', 106, 6, 1299.00, 450),
(188, 'Epson Printer Ink', 106, 138, 1199.00, 400),
(189, 'Brother Toner Cartridge', 106, 139, 1499.00, 350),
(190, 'Xerox Drum Unit', 106, 140, 1999.00, 300),
(191, 'WD 1TB SSD', 109, 107, 6999.00, 150),
(192, 'Seagate 2TB HDD', 109, 106, 5499.00, 180),
(193, 'Sandisk 128GB USB', 111, 105, 799.00, 500),
(194, 'Kingston RAM 8GB', 104, 104, 2999.00, 250),
(195, 'Corsair RAM 16GB', 104, 112, 5999.00, 200),
(196, 'Tesla Model S Mini Toy', 49, 62, 1999.00, 300),
(197, 'Hot Wheels Car Set', 49, 60, 999.00, 600),
(198, 'Lego Building Blocks', 49, 75, 1499.00, 550),
(199, 'Baby Toy Musical Set', 50, 50, 799.00, 700),
(200, 'Eco Friendly Water Bottle',100, 100, 299.00, 1000);
select*from Products;

CREATE TABLE Suppliers (SupplierID INT PRIMARY KEY,SupplierName VARCHAR(100),Phone VARCHAR(15));
INSERT INTO Suppliers (SupplierID, SupplierName, Phone) VALUES
(1, 'ABC Electronics Suppliers', '9876543210'),
(2, 'Global Tech Distributors', '9123456780'),
(3, 'Sunshine Traders', '9988776655'),
(4, 'Royal Electronics Hub', '9012345678'),
(5, 'Prime Tech Solutions', '9090909090'),
(6, 'Green Agro Suppliers', '9876501234'),
(7, 'City Wholesale Market', '9123409876'),
(8, 'Elite Accessories Supply', '9988123456'),
(9, 'Smart Devices Traders', '9011122233'),
(10, 'Universal Imports', '9098765432'),
(11, 'Chennai Electronics Mart', '9840011122'),
(12, 'Coimbatore Supply Co', '9840022233'),
(13, 'Madurai Wholesale House', '9840033344'),
(14, 'Trichy Traders', '9840044455'),
(15, 'Salem Goods Suppliers', '9840055566'),
(16, 'Erode Retail Hub', '9840066677'),
(17, 'Tirunelveli Imports', '9840077788'),
(18, 'Vellore Supply Chain', '9840088899'),
(19, 'South India Distributors', '9840099900'),
(20, 'Tamil Nadu Traders', '9840001111'),
(21, 'Future Tech Suppliers', '9000011111'),
(22, 'NextGen Electronics', '9000022222'),
(23, 'Digital World Supply', '9000033333'),
(24, 'TechnoMart India', '9000044444'),
(25, 'SmartHub Traders', '9000055555'),
(26, 'Global Imports India', '9000066666'),
(27, 'Mega Wholesale Corp', '9000077777'),
(28, 'Royal Supply Chain', '9000088888'),
(29, 'Prime Electronics Ltd', '9000099999'),
(30, 'Urban Traders Hub', '9111111111'),
(31, 'Metro Suppliers', '9222222222'),
(32, 'City Link Traders', '9333333333'),
(33, 'Star Wholesale Dealers', '9444444444'),
(34, 'Bright Future Suppliers', '9555555555'),
(35, 'Golden Imports', '9666666666'),
(36, 'Elite Global Traders', '9777777777'),
(37, 'Skyline Suppliers', '9888888888'),
(38, 'Infinity Electronics', '9999999999'),
(39, 'Rapid Supply Co', '9121212121'),
(40, 'Speedy Traders', '9232323232'),
(41, 'Alpha Distributors', '9343434343'),
(42, 'Beta Wholesale', '9454545454'),
(43, 'Gamma Electronics', '9565656565'),
(44, 'Delta Supply Chain', '9676767676'),
(45, 'Omega Traders', '9787878787'),
(46, 'Techno Global Supply', '9898989898'),
(47, 'Smart Choice Traders', '9900001111'),
(48, 'India Electronics Hub', '9911112222'),
(49, 'Nationwide Suppliers', '9922223333'),
(50, 'Universal Goods Supply', '9933334444'),
(51, 'Rapid Electronics', '9944445555'),
(52, 'Supreme Traders', '9955556666'),
(53, 'Master Supply Co', '9966667777'),
(54, 'Kingdom Electronics', '9977778888'),
(55, 'Empire Traders', '9988889999'),
(56, 'Urban Supply India', '9010101010'),
(57, 'Metro Electronics Hub', '9020202020'),
(58, 'Cityline Distributors', '9030303030'),
(59, 'Smart India Traders', '9040404040'),
(60, 'Next Wave Suppliers', '9050505050'),
(61, 'Future Imports Co', '9060606060'),
(62, 'Digital Supply Chain', '9070707070'),
(63, 'Online Traders Hub', '9080808080'),
(64, 'E-Market Suppliers', '9091010101'),
(65, 'Global E-Trade', '9101112131'),
(66, 'Tech Connect Suppliers', '9111213141'),
(67, 'Prime Goods Hub', '9121314151'),
(68, 'Super Wholesale India', '9131415161'),
(69, 'Mega Electronics Ltd', '9141516171'),
(70, 'Ultra Supply Chain', '9151617181'),
(71, 'Smart Distribution Co', '9161718191'),
(72, 'India Mart Suppliers', '9171819201'),
(73, 'Rapid Retail Supply', '9181920211'),
(74, 'Golden Electronics Mart', '9192021221'),
(75, 'Silver Traders Hub', '9202122231'),
(76, 'Platinum Supply Co', '9212223241'),
(77, 'Diamond Traders', '9222324251'),
(78, 'Crystal Electronics', '9232425261'),
(79, 'Ruby Supply Chain', '9242526271'),
(80, 'Sapphire Traders', '9252627281'),
(81, 'Emerald Imports', '9262728291'),
(82, 'Titan Wholesale', '9272829301'),
(83, 'Atlas Suppliers', '9282930311'),
(84, 'Pioneer Traders', '9293031321'),
(85, 'Legacy Supply Co', '9303132331'),
(86, 'Vision Electronics', '9313233341'),
(87, 'Infinity Traders', '9323334351'),
(88, 'Future Link Supply', '9333435361'),
(89, 'Smart Vision Imports', '9343536371'),
(90, 'Next Step Traders', '9353637381'),
(91, 'Global Connect Suppliers', '9363738391'),
(92, 'Unified Traders', '9373839401'),
(93, 'Nation First Supply', '9383940411'),
(94, 'All India Electronics', '9394041421'),
(95, 'India Supply Network', '9404142431'),
(96, 'Urban Future Traders', '9414243441'),
(97, 'Digital India Supply', '9424344451'),
(98, 'Smart Retail Hub', '9434445461'),
(99, 'Mega City Traders', '9444546471'),
(100, 'Supreme India Supply', '9454647481');
INSERT INTO Suppliers (SupplierID, SupplierName, Phone) VALUES
(101, 'Alpha Tech Imports', '9101010101'),
(102, 'Beta Electronics Supply', '9102020202'),
(103, 'Gamma Wholesale Traders', '9103030303'),
(104, 'Delta Global Supply', '9104040404'),
(105, 'Omega Smart Traders', '9105050505'),
(106, 'Chennai Digital Hub', '9106060606'),
(107, 'Coimbatore Tech Supply', '9107070707'),
(108, 'Madurai Electronics Mart', '9108080808'),
(109, 'Trichy Smart Traders', '9109090909'),
(110, 'Salem Supply Chain', '9110101010'),
(111, 'Erode Wholesale Hub', '9111111111'),
(112, 'Tirunelveli Imports Co', '9112121212'),
(113, 'Vellore Electronics Supply', '9113131313'),
(114, 'Kanchipuram Traders', '9114141414'),
(115, 'Thanjavur Supply Co', '9115151515'),
(116, 'South Star Electronics', '9116161616'),
(117, 'Tamil Nadu Smart Supply', '9117171717'),
(118, 'South India Importers', '9118181818'),
(119, 'Metro Tech Traders', '9119191919'),
(120, 'City Electronics Supply', '9120202020'),
(121, 'Urban Tech Imports', '9121212121'),
(122, 'Smart City Traders', '9122222222'),
(123, 'NextGen Electronics Hub', '9123232323'),
(124, 'Future Smart Supply', '9124242424'),
(125, 'Digital World Traders', '9125252525'),
(126, 'Global Tech Mart', '9126262626'),
(127, 'Universal Electronics Co', '9127272727'),
(128, 'Prime Tech Imports', '9128282828'),
(129, 'Royal Electronics Supply', '9129292929'),
(130, 'Elite Wholesale Traders', '9130303030'),
(131, 'Skyline Imports', '9131313131'),
(132, 'Infinity Supply Chain', '9132323232'),
(133, 'Rapid Electronics Hub', '9133333333'),
(134, 'Speedy Tech Traders', '9134343434'),
(135, 'Mega Electronics Supply', '9135353535'),
(136, 'Super Smart Imports', '9136363636'),
(137, 'Master Tech Traders', '9137373737'),
(138, 'Kingdom Electronics Hub', '9138383838'),
(139, 'Empire Supply Co', '9139393939'),
(140, 'Nationwide Tech Supply', '9140404040'),
(141, 'Global Connect Traders', '9141414141'),
(142, 'Smart Retail Imports', '9142424242'),
(143, 'Techno Mart Supply', '9143434343'),
(144, 'Urban Electronics Co', '9144444444'),
(145, 'Digital Supply Hub', '9145454545'),
(146, 'Online Tech Traders', '9146464646'),
(147, 'E-Market Electronics', '9147474747'),
(148, 'Cloud Supply Chain', '9148484848'),
(149, 'Next Wave Imports', '9149494949'),
(150, 'Future Link Traders', '9150505050'),
(151, 'Vision Tech Supply', '9151515151'),
(152, 'Smart Vision Electronics', '9152525252'),
(153, 'Pioneer Importers', '9153535353'),
(154, 'Legacy Electronics Co', '9154545454'),
(155, 'Atlas Tech Traders', '9155555555'),
(156, 'Titan Supply Chain', '9156565656'),
(157, 'Diamond Electronics Hub', '9157575757'),
(158, 'Crystal Tech Imports', '9158585858'),
(159, 'Ruby Smart Traders', '9159595959'),
(160, 'Sapphire Electronics Co', '9160606060'),
(161, 'Emerald Supply Chain', '9161616161'),
(162, 'Platinum Tech Imports', '9162626262'),
(163, 'Golden Electronics Mart', '9163636363'),
(164, 'Silver Smart Traders', '9164646464'),
(165, 'Bronze Supply Co', '9165656565'),
(166, 'Neo Tech Imports', '9166666666'),
(167, 'Quantum Electronics', '9167676767'),
(168, 'Fusion Supply Chain', '9168686868'),
(169, 'Orbit Tech Traders', '9169696969'),
(170, 'Pulse Electronics Hub', '9170707070'),
(171, 'Vertex Smart Supply', '9171717171'),
(172, 'Core Tech Imports', '9172727272'),
(173, 'Prime Wave Traders', '9173737373'),
(174, 'Infinity Digital Supply', '9174747474'),
(175, 'Zenith Electronics Co', '9175757575'),
(176, 'Apex Smart Imports', '9176767676'),
(177, 'Stratos Tech Traders', '9177777777'),
(178, 'Nebula Supply Chain', '9178787878'),
(179, 'Cosmic Electronics Hub', '9179797979'),
(180, 'Galaxy Tech Imports', '9180808080'),
(181, 'Orbit Global Traders', '9181818181'),
(182, 'Nova Electronics Supply', '9182828282'),
(183, 'Lunar Tech Co', '9183838383'),
(184, 'Solar Smart Traders', '9184848484'),
(185, 'Stellar Supply Chain', '9185858585'),
(186, 'Alpha Omega Imports', '9186868686'),
(187, 'Beta Gamma Electronics', '9187878787'),
(188, 'Delta Sigma Traders', '9188888888'),
(189, 'Omega Prime Supply', '9189898989'),
(190, 'Sigma Tech Hub', '9190909090'),
(191, 'Cyber Electronics Co', '9191919191'),
(192, 'Digital Nexus Supply', '9192929292'),
(193, 'Future Grid Traders', '9193939393'),
(194, 'Smart Link Imports', '9194949494'),
(195, 'Tech Bridge Supply', '9195959595'),
(196, 'Next Gen Traders', '9196969696'),
(197, 'Modern Electronics Hub', '9197979797'),
(198, 'Urban Future Imports', '9198989898'),
(199, 'India Smart Supply Chain', '9199999999'),
(200, 'Supreme Global Traders', '9200000000');
select*from Suppliers;

CREATE TABLE Warehouses (WarehouseID INT PRIMARY KEY,WarehouseName VARCHAR(100),Location VARCHAR(100));
INSERT INTO Warehouses (WarehouseID, WarehouseName, Location) VALUES
(1, 'Chennai Central Warehouse', 'Chennai'),
(2, 'Coimbatore Distribution Hub', 'Coimbatore'),
(3, 'Madurai Storage Center', 'Madurai'),
(4, 'Trichy Logistics Hub', 'Trichy'),
(5, 'Salem Supply Warehouse', 'Salem'),
(6, 'Erode Regional Warehouse', 'Erode'),
(7, 'Tirunelveli Storage Unit', 'Tirunelveli'),
(8, 'Vellore Goods Center', 'Vellore'),
(9, 'Thoothukudi Port Warehouse', 'Thoothukudi'),
(10, 'Dindigul Supply Point', 'Dindigul'),
(11, 'Chennai North Hub', 'Chennai'),
(12, 'Chennai South Hub', 'Chennai'),
(13, 'Coimbatore East Warehouse', 'Coimbatore'),
(14, 'Coimbatore West Warehouse', 'Coimbatore'),
(15, 'Madurai North Center', 'Madurai'),
(16, 'Madurai South Center', 'Madurai'),
(17, 'Trichy Main Hub', 'Trichy'),
(18, 'Salem Industrial Warehouse', 'Salem'),
(19, 'Erode Export Center', 'Erode'),
(20, 'Vellore Logistics Point', 'Vellore'),
(21, 'Kanchipuram Storage Hub', 'Kanchipuram'),
(22, 'Thanjavur Warehouse', 'Thanjavur'),
(23, 'Karur Supply Hub', 'Karur'),
(24, 'Namakkal Storage Unit', 'Namakkal'),
(25, 'Cuddalore Goods Hub', 'Cuddalore'),
(26, 'Villupuram Warehouse', 'Villupuram'),
(27, 'Krishnagiri Center', 'Krishnagiri'),
(28, 'Dharmapuri Storage', 'Dharmapuri'),
(29, 'Nagapattinam Hub', 'Nagapattinam'),
(30, 'Ramanathapuram Warehouse', 'Ramanathapuram'),
(31, 'Sivagangai Center', 'Sivagangai'),
(32, 'Virudhunagar Hub', 'Virudhunagar'),
(33, 'Thoothukudi Main Warehouse', 'Thoothukudi'),
(34, 'Tiruppur Textile Hub', 'Tiruppur'),
(35, 'Pollachi Storage Center', 'Coimbatore'),
(36, 'Avadi Warehouse', 'Chennai'),
(37, 'Ambattur Industrial Hub', 'Chennai'),
(38, 'Guindy Logistics Center', 'Chennai'),
(39, 'Tambaram Storage Hub', 'Chennai'),
(40, 'Pallavaram Warehouse', 'Chennai'),
(41, 'Anna Nagar Hub', 'Chennai'),
(42, 'Velachery Center', 'Chennai'),
(43, 'OMR Tech Warehouse', 'Chennai'),
(44, 'Porur Storage Unit', 'Chennai'),
(45, 'Mylapore Goods Hub', 'Chennai'),
(46, 'Chrompet Warehouse', 'Chennai'),
(47, 'Red Hills Storage', 'Chennai'),
(48, 'Padi Industrial Hub', 'Chennai'),
(49, 'Sriperumbudur Warehouse', 'Kanchipuram'),
(50, 'Oragadam Logistics Park', 'Kanchipuram'),
(51, 'Hosur Industrial Hub', 'Krishnagiri'),
(52, 'Kelambakkam Warehouse', 'Chennai'),
(53, 'Thiruvallur Storage Center', 'Thiruvallur'),
(54, 'Arakkonam Hub', 'Vellore'),
(55, 'Walajapet Warehouse', 'Vellore'),
(56, 'Guduvanchery Center', 'Chennai'),
(57, 'Urapakkam Storage', 'Chennai'),
(58, 'Perungalathur Hub', 'Chennai'),
(59, 'Sholinganallur Tech Warehouse', 'Chennai'),
(60, 'Medavakkam Storage Unit', 'Chennai'),
(61, 'Perambur Warehouse', 'Chennai'),
(62, 'Ayanavaram Hub', 'Chennai'),
(63, 'Kodambakkam Center', 'Chennai'),
(64, 'T Nagar Goods Hub', 'Chennai'),
(65, 'Nungambakkam Warehouse', 'Chennai'),
(66, 'Egmore Logistics Hub', 'Chennai'),
(67, 'Triplicane Storage', 'Chennai'),
(68, 'Royapettah Center', 'Chennai'),
(69, 'Adyar Warehouse', 'Chennai'),
(70, 'Besant Nagar Hub', 'Chennai'),
(71, 'Tiruvannamalai Warehouse', 'Tiruvannamalai'),
(72, 'Vaniyambadi Center', 'Vellore'),
(73, 'Ambur Leather Hub', 'Vellore'),
(74, 'Sankarankovil Storage', 'Tirunelveli'),
(75, 'Sivakasi Fireworks Hub', 'Virudhunagar'),
(76, 'Rajapalayam Warehouse', 'Virudhunagar'),
(77, 'Kovilpatti Center', 'Thoothukudi'),
(78, 'Udumalpet Storage', 'Tiruppur'),
(79, 'Mettupalayam Hub', 'Coimbatore'),
(80, 'Sathyamangalam Warehouse', 'Erode'),
(81, 'Gobichettipalayam Center', 'Erode'),
(82, 'Bhavani Storage Hub', 'Erode'),
(83, 'Perundurai Warehouse', 'Erode'),
(84, 'Chengalpattu Hub', 'Chengalpattu'),
(85, 'Maraimalai Nagar Center', 'Chengalpattu'),
(86, 'Mahabalipuram Warehouse', 'Chengalpattu'),
(87, 'Chidambaram Hub', 'Cuddalore'),
(88, 'Virudhachalam Storage', 'Cuddalore'),
(89, 'Panruti Center', 'Cuddalore'),
(90, 'Kallakurichi Warehouse', 'Kallakurichi'),
(91, 'Tenkasi Hub', 'Tenkasi'),
(92, 'Courtallam Storage', 'Tenkasi'),
(93, 'Thenkasi Main Center', 'Tenkasi'),
(94, 'Arani Warehouse', 'Tiruvannamalai'),
(95, 'Polur Hub', 'Tiruvannamalai'),
(96, 'Cheyyar Storage Unit', 'Tiruvannamalai'),
(97, 'Karaikal Warehouse', 'Puducherry'),
(98, 'Puducherry Central Hub', 'Puducherry'),
(99, 'Yanam Storage Center', 'Puducherry'),
(100, 'Mahe Logistics Hub', 'Kerala'),
(101, 'Chennai Mega Warehouse 1', 'Chennai'),
(102, 'Chennai Mega Warehouse 2', 'Chennai'),
(103, 'Chennai Mega Warehouse 3', 'Chennai'),
(104, 'Coimbatore Mega Hub 1', 'Coimbatore'),
(105, 'Coimbatore Mega Hub 2', 'Coimbatore'),
(106, 'Madurai Mega Center 1', 'Madurai'),
(107, 'Madurai Mega Center 2', 'Madurai'),
(108, 'Trichy Mega Hub 1', 'Trichy'),
(109, 'Trichy Mega Hub 2', 'Trichy'),
(110, 'Salem Mega Warehouse 1', 'Salem'),
(111, 'Salem Mega Warehouse 2', 'Salem'),
(112, 'Erode Mega Hub 1', 'Erode'),
(113, 'Erode Mega Hub 2', 'Erode'),
(114, 'Vellore Mega Center 1', 'Vellore'),
(115, 'Vellore Mega Center 2', 'Vellore'),
(116, 'Thoothukudi Mega Port Hub 1', 'Thoothukudi'),
(117, 'Thoothukudi Mega Port Hub 2', 'Thoothukudi'),
(118, 'Dindigul Mega Warehouse 1', 'Dindigul'),
(119, 'Dindigul Mega Warehouse 2', 'Dindigul'),
(120, 'Tirunelveli Mega Hub 1', 'Tirunelveli'),
(121, 'Tirunelveli Mega Hub 2', 'Tirunelveli'),
(122, 'Chennai Export Hub 1', 'Chennai'),
(123, 'Chennai Export Hub 2', 'Chennai'),
(124, 'Chennai Import Hub 1', 'Chennai'),
(125, 'Chennai Import Hub 2', 'Chennai'),
(126, 'South India Central Hub', 'Chennai'),
(127, 'Tamil Nadu Main Hub', 'Chennai'),
(128, 'India South Logistics Hub', 'Chennai'),
(129, 'National Storage Hub South', 'Chennai'),
(130, 'Regional Mega Warehouse', 'Coimbatore'),
(131, 'Smart Logistics Hub 1', 'Chennai'),
(132, 'Smart Logistics Hub 2', 'Coimbatore'),
(133, 'Smart Logistics Hub 3', 'Madurai'),
(134, 'Smart Logistics Hub 4', 'Trichy'),
(135, 'Smart Logistics Hub 5', 'Salem'),
(136, 'Auto Parts Warehouse 1', 'Chennai'),
(137, 'Auto Parts Warehouse 2', 'Coimbatore'),
(138, 'Electronics Storage Hub 1', 'Madurai'),
(139, 'Electronics Storage Hub 2', 'Trichy'),
(140, 'Electronics Storage Hub 3', 'Salem'),
(141, 'Fast Moving Goods Hub 1', 'Chennai'),
(142, 'Fast Moving Goods Hub 2', 'Coimbatore'),
(143, 'Fast Moving Goods Hub 3', 'Madurai'),
(144, 'Fast Moving Goods Hub 4', 'Trichy'),
(145, 'Fast Moving Goods Hub 5', 'Salem'),
(146, 'Cold Storage Warehouse 1', 'Chennai'),
(147, 'Cold Storage Warehouse 2', 'Coimbatore'),
(148, 'Cold Storage Warehouse 3', 'Madurai'),
(149, 'Cold Storage Warehouse 4', 'Trichy'),
(150, 'Cold Storage Warehouse 5', 'Salem'),
(151, 'E-Commerce Hub 1', 'Chennai'),
(152, 'E-Commerce Hub 2', 'Coimbatore'),
(153, 'E-Commerce Hub 3', 'Madurai'),
(154, 'E-Commerce Hub 4', 'Trichy'),
(155, 'E-Commerce Hub 5', 'Salem'),
(156, 'Retail Distribution 1', 'Chennai'),
(157, 'Retail Distribution 2', 'Coimbatore'),
(158, 'Retail Distribution 3', 'Madurai'),
(159, 'Retail Distribution 4', 'Trichy'),
(160, 'Retail Distribution 5', 'Salem'),
(161, 'Tech Storage Hub 1', 'Chennai'),
(162, 'Tech Storage Hub 2', 'Coimbatore'),
(163, 'Tech Storage Hub 3', 'Madurai'),
(164, 'Tech Storage Hub 4', 'Trichy'),
(165, 'Tech Storage Hub 5', 'Salem'),
(166, 'Automated Warehouse 1', 'Chennai'),
(167, 'Automated Warehouse 2', 'Coimbatore'),
(168, 'Automated Warehouse 3', 'Madurai'),
(169, 'Automated Warehouse 4', 'Trichy'),
(170, 'Automated Warehouse 5', 'Salem'),
(171, 'AI Logistics Hub 1', 'Chennai'),
(172, 'AI Logistics Hub 2', 'Coimbatore'),
(173, 'AI Logistics Hub 3', 'Madurai'),
(174, 'AI Logistics Hub 4', 'Trichy'),
(175, 'AI Logistics Hub 5', 'Salem'),
(176, 'Smart City Warehouse 1', 'Chennai'),
(177, 'Smart City Warehouse 2', 'Coimbatore'),
(178, 'Smart City Warehouse 3', 'Madurai'),
(179, 'Smart City Warehouse 4', 'Trichy'),
(180, 'Smart City Warehouse 5', 'Salem'),
(181, 'Export Warehouse A', 'Chennai'),
(182, 'Export Warehouse B', 'Coimbatore'),
(183, 'Export Warehouse C', 'Madurai'),
(184, 'Export Warehouse D', 'Trichy'),
(185, 'Export Warehouse E', 'Salem'),
(186, 'Import Warehouse A', 'Chennai'),
(187, 'Import Warehouse B', 'Coimbatore'),
(188, 'Import Warehouse C', 'Madurai'),
(189, 'Import Warehouse D', 'Trichy'),
(190, 'Import Warehouse E', 'Salem'),
(191, 'Final Dispatch Hub 1', 'Chennai'),
(192, 'Final Dispatch Hub 2', 'Coimbatore'),
(193, 'Final Dispatch Hub 3', 'Madurai'),
(194, 'Final Dispatch Hub 4', 'Trichy'),
(195, 'Final Dispatch Hub 5', 'Salem'),
(196, 'Mega Distribution 1', 'Chennai'),
(197, 'Mega Distribution 2', 'Coimbatore'),
(198, 'Mega Distribution 3', 'Madurai'),
(199, 'Mega Distribution 4', 'Trichy'),
(200, 'Mega Distribution 5', 'Salem');
select*from Warehouses;

CREATE TABLE Inventory (InventoryID INT PRIMARY KEY,ProductID INT,WarehouseID INT,AvailableStock INT,FOREIGN KEY (ProductID) REFERENCES Products(ProductID),FOREIGN KEY (WarehouseID) REFERENCES Warehouses(WarehouseID));
INSERT INTO Inventory (InventoryID, ProductID, WarehouseID, AvailableStock) VALUES
(1, 1, 1, 120),
(2, 2, 2, 90),
(3, 3, 3, 150),
(4, 4, 4, 200),
(5, 5, 5, 180),
(6, 6, 6, 75),
(7, 7, 7, 60),
(8, 8, 8, 45),
(9, 9, 9, 30),
(10, 10, 10, 110),
(11, 11, 11, 140),
(12, 12, 12, 300),
(13, 13, 13, 250),
(14, 14, 14, 95),
(15, 15, 15, 80),
(16, 16, 16, 40),
(17, 17, 17, 35),
(18, 18, 18, 25),
(19, 19, 19, 55),
(20, 20, 20, 65),
(21, 21, 21, 70),
(22, 22, 22, 85),
(23, 23, 23, 90),
(24, 24, 24, 100),
(25, 25, 25, 110),
(26, 26, 26, 120),
(27, 27, 27, 130),
(28, 28, 28, 500),
(29, 29, 29, 450),
(30, 30, 30, 600),
(31, 31, 31, 700),
(32, 32, 32, 650),
(33, 33, 33, 900),
(34, 34, 34, 850),
(35, 35, 35, 800),
(36, 36, 36, 300),
(37, 37, 37, 280),
(38, 38, 38, 260),
(39, 39, 39, 240),
(40, 40, 40, 220),
(41, 41, 41, 100),
(42, 42, 42, 110),
(43, 43, 43, 120),
(44, 44, 44, 130),
(45, 45, 45, 140),
(46, 46, 46, 150),
(47, 47, 47, 160),
(48, 48, 48, 170),
(49, 49, 49, 180),
(50, 50, 50, 190),
(51, 51, 51, 200),
(52, 52, 52, 210),
(53, 53, 53, 220),
(54, 54, 54, 230),
(55, 55, 55, 240),
(56, 56, 56, 250),
(57, 57, 57, 260),
(58, 58, 58, 270),
(59, 59, 59, 280),
(60, 60, 60, 290),
(61, 61, 61, 300),
(62, 62, 62, 310),
(63, 63, 63, 320),
(64, 64, 64, 330),
(65, 65, 65, 340),
(66, 66, 66, 350),
(67, 67, 67, 360),
(68, 68, 68, 370),
(69, 69, 69, 380),
(70, 70, 70, 390),
(71, 71, 71, 400),
(72, 72, 72, 410),
(73, 73, 73, 420),
(74, 74, 74, 430),
(75, 75, 75, 440),
(76, 76, 76, 450),
(77, 77, 77, 460),
(78, 78, 78, 470),
(79, 79, 79, 480),
(80, 80, 80, 490),
(81, 81, 81, 500),
(82, 82, 82, 510),
(83, 83, 83, 520),
(84, 84, 84, 530),
(85, 85, 85, 540),
(86, 86, 86, 550),
(87, 87, 87, 560),
(88, 88, 88, 570),
(89, 89, 89, 580),
(90, 90, 90, 590),
(91, 91, 91, 600),
(92, 92, 92, 610),
(93, 93, 93, 620),
(94, 94, 94, 630),
(95, 95, 95, 640),
(96, 96, 96, 650),
(97, 97, 97, 660),
(98, 98, 98, 670),
(99, 99, 99, 680),
(100, 100, 100, 690);
INSERT INTO Inventory (InventoryID, ProductID, WarehouseID, AvailableStock) VALUES
(101, 101, 1, 85),
(102, 102, 2, 76),
(103, 103, 3, 64),
(104, 104, 4, 92),
(105, 105, 5, 71),
(106, 106, 6, 150),
(107, 107, 7, 140),
(108, 108, 8, 130),
(109, 109, 9, 120),
(110, 110, 10, 110),
(111, 111, 11, 60),
(112, 112, 12, 55),
(113, 113, 13, 50),
(114, 114, 14, 45),
(115, 115, 15, 40),
(116, 116, 16, 35),
(117, 117, 17, 30),
(118, 118, 18, 25),
(119, 119, 19, 20),
(120, 120, 20, 18),
(121, 121, 21, 200),
(122, 122, 22, 195),
(123, 123, 23, 190),
(124, 124, 24, 185),
(125, 125, 25, 180),
(126, 126, 26, 175),
(127, 127, 27, 170),
(128, 128, 28, 165),
(129, 129, 29, 160),
(130, 130, 30, 155),
(131, 131, 31, 150),
(132, 132, 32, 145),
(133, 133, 33, 140),
(134, 134, 34, 135),
(135, 135, 35, 130),
(136, 136, 36, 500),
(137, 137, 37, 480),
(138, 138, 38, 460),
(139, 139, 39, 440),
(140, 140, 40, 420),
(141, 141, 41, 400),
(142, 142, 42, 380),
(143, 143, 43, 360),
(144, 144, 44, 340),
(145, 145, 45, 320),
(146, 146, 46, 300),
(147, 147, 47, 280),
(148, 148, 48, 260),
(149, 149, 49, 240),
(150, 150, 50, 220),
(151, 151, 51, 210),
(152, 152, 52, 205),
(153, 153, 53, 200),
(154, 154, 54, 195),
(155, 155, 55, 190),
(156, 156, 56, 185),
(157, 157, 57, 180),
(158, 158, 58, 175),
(159, 159, 59, 170),
(160, 160, 60, 165),
(161, 161, 61, 160),
(162, 162, 62, 155),
(163, 163, 63, 150),
(164, 164, 64, 145),
(165, 165, 65, 140),
(166, 166, 66, 135),
(167, 167, 67, 130),
(168, 168, 68, 125),
(169, 169, 69, 120),
(170, 170, 70, 115),
(171, 171, 71, 110),
(172, 172, 72, 105),
(173, 173, 73, 100),
(174, 174, 74, 95),
(175, 175, 75, 90),
(176, 176, 76, 85),
(177, 177, 77, 80),
(178, 178, 78, 75),
(179, 179, 79, 70),
(180, 180, 80, 65),
(181, 181, 81, 60),
(182, 182, 82, 55),
(183, 183, 83, 50),
(184, 184, 84, 45),
(185, 185, 85, 40),
(186, 186, 86, 35),
(187, 187, 87, 30),
(188, 188, 88, 25),
(189, 189, 89, 20),
(190, 190, 90, 18),
(191, 191, 91, 16),
(192, 192, 92, 14),
(193, 193, 93, 12),
(194, 194, 94, 10),
(195, 195, 95, 8),
(196, 196, 96, 6),
(197, 197, 97, 5),
(198, 198, 98, 4),
(199, 199, 99, 3),
(200, 200, 100, 2);
select*from Inventory;

CREATE TABLE Orders (OrderID INT PRIMARY KEY,CustomerID INT,OrderDate DATE,TotalAmount DECIMAL(10,2),Status VARCHAR(30),FOREIGN KEY (CustomerID) REFERENCES Customers(CustomerID));
INSERT INTO Orders (OrderID, CustomerID, OrderDate, TotalAmount, Status) VALUES
(1, 101, '2025-01-01', 15999.00, 'Delivered'),
(2, 102, '2025-01-02', 25999.00, 'Delivered'),
(3, 103, '2025-01-03', 4999.00, 'Shipped'),
(4, 104, '2025-01-04', 12999.00, 'Pending'),
(5, 105, '2025-01-05', 7999.00, 'Delivered'),
(6, 106, '2025-01-06', 18999.00, 'Delivered'),
(7, 107, '2025-01-07', 9999.00, 'Shipped'),
(8, 108, '2025-01-08', 14999.00, 'Cancelled'),
(9, 109, '2025-01-09', 22999.00, 'Delivered'),
(10, 110, '2025-01-10', 34999.00, 'Pending'),
(11, 111, '2025-01-11', 5999.00, 'Delivered'),
(12, 112, '2025-01-12', 7999.00, 'Delivered'),
(13, 113, '2025-01-13', 11999.00, 'Shipped'),
(14, 114, '2025-01-14', 15999.00, 'Delivered'),
(15, 115, '2025-01-15', 19999.00, 'Pending'),
(16, 116, '2025-01-16', 24999.00, 'Delivered'),
(17, 117, '2025-01-17', 29999.00, 'Shipped'),
(18, 118, '2025-01-18', 8999.00, 'Delivered'),
(19, 119, '2025-01-19', 4999.00, 'Cancelled'),
(20, 120, '2025-01-20', 12999.00, 'Delivered'),
(21, 121, '2025-01-21', 17999.00, 'Delivered'),
(22, 122, '2025-01-22', 9999.00, 'Shipped'),
(23, 123, '2025-01-23', 5999.00, 'Pending'),
(24, 124, '2025-01-24', 13999.00, 'Delivered'),
(25, 125, '2025-01-25', 19999.00, 'Delivered'),
(26, 126, '2025-01-26', 25999.00, 'Shipped'),
(27, 127, '2025-01-27', 29999.00, 'Delivered'),
(28, 128, '2025-01-28', 34999.00, 'Pending'),
(29, 129, '2025-01-29', 15999.00, 'Delivered'),
(30, 130, '2025-01-30', 8999.00, 'Cancelled'),
(31, 131, '2025-01-31', 12999.00, 'Delivered'),
(32, 132, '2025-02-01', 17999.00, 'Shipped'),
(33, 133, '2025-02-02', 21999.00, 'Delivered'),
(34, 134, '2025-02-03', 9999.00, 'Delivered'),
(35, 135, '2025-02-04', 4999.00, 'Pending'),
(36, 136, '2025-02-05', 7999.00, 'Delivered'),
(37, 137, '2025-02-06', 11999.00, 'Shipped'),
(38, 138, '2025-02-07', 15999.00, 'Delivered'),
(39, 139, '2025-02-08', 19999.00, 'Cancelled'),
(40, 140, '2025-02-09', 24999.00, 'Delivered'),
(41, 141, '2025-02-10', 29999.00, 'Shipped'),
(42, 142, '2025-02-11', 34999.00, 'Delivered'),
(43, 143, '2025-02-12', 8999.00, 'Pending'),
(44, 144, '2025-02-13', 12999.00, 'Delivered'),
(45, 145, '2025-02-14', 17999.00, 'Shipped'),
(46, 146, '2025-02-15', 21999.00, 'Delivered'),
(47, 147, '2025-02-16', 25999.00, 'Delivered'),
(48, 148, '2025-02-17', 9999.00, 'Cancelled'),
(49, 149, '2025-02-18', 4999.00, 'Delivered'),
(50, 150, '2025-02-19', 13999.00, 'Shipped'),
(51, 151, '2025-02-20', 18999.00, 'Delivered'),
(52, 152, '2025-02-21', 22999.00, 'Delivered'),
(53, 153, '2025-02-22', 29999.00, 'Pending'),
(54, 154, '2025-02-23', 34999.00, 'Shipped'),
(55, 155, '2025-02-24', 15999.00, 'Delivered'),
(56, 156, '2025-02-25', 12999.00, 'Delivered'),
(57, 157, '2025-02-26', 9999.00, 'Cancelled'),
(58, 158, '2025-02-27', 7999.00, 'Delivered'),
(59, 159, '2025-02-28', 11999.00, 'Shipped'),
(60, 160, '2025-03-01', 17999.00, 'Delivered'),
(61, 161, '2025-03-02', 21999.00, 'Delivered'),
(62, 162, '2025-03-03', 25999.00, 'Shipped'),
(63, 163, '2025-03-04', 29999.00, 'Pending'),
(64, 164, '2025-03-05', 34999.00, 'Delivered'),
(65, 165, '2025-03-06', 15999.00, 'Delivered'),
(66, 166, '2025-03-07', 12999.00, 'Shipped'),
(67, 167, '2025-03-08', 9999.00, 'Delivered'),
(68, 168, '2025-03-09', 7999.00, 'Cancelled'),
(69, 169, '2025-03-10', 11999.00, 'Delivered'),
(70, 170, '2025-03-11', 17999.00, 'Shipped'),
(71, 171, '2025-03-12', 21999.00, 'Delivered'),
(72, 172, '2025-03-13', 25999.00, 'Delivered'),
(73, 173, '2025-03-14', 29999.00, 'Pending'),
(74, 174, '2025-03-15', 34999.00, 'Shipped'),
(75, 175, '2025-03-16', 15999.00, 'Delivered'),
(76, 176, '2025-03-17', 12999.00, 'Delivered'),
(77, 177, '2025-03-18', 9999.00, 'Shipped'),
(78, 178, '2025-03-19', 7999.00, 'Cancelled'),
(79, 179, '2025-03-20', 11999.00, 'Delivered'),
(80, 180, '2025-03-21', 17999.00, 'Shipped'),
(81, 181, '2025-03-22', 21999.00, 'Delivered'),
(82, 182, '2025-03-23', 25999.00, 'Delivered'),
(83, 183, '2025-03-24', 29999.00, 'Pending'),
(84, 184, '2025-03-25', 34999.00, 'Shipped'),
(85, 185, '2025-03-26', 15999.00, 'Delivered'),
(86, 186, '2025-03-27', 12999.00, 'Delivered'),
(87, 187, '2025-03-28', 9999.00, 'Cancelled'),
(88, 188, '2025-03-29', 7999.00, 'Delivered'),
(89, 189, '2025-03-30', 11999.00, 'Shipped'),
(90, 190, '2025-03-31', 17999.00, 'Delivered'),
(91, 191, '2025-04-01', 21999.00, 'Delivered'),
(92, 192, '2025-04-02', 25999.00, 'Shipped'),
(93, 193, '2025-04-03', 29999.00, 'Pending'),
(94, 194, '2025-04-04', 34999.00, 'Delivered'),
(95, 195, '2025-04-05', 15999.00, 'Delivered'),
(96, 196, '2025-04-06', 12999.00, 'Shipped'),
(97, 197, '2025-04-07', 9999.00, 'Delivered'),
(98, 198, '2025-04-08', 7999.00, 'Cancelled'),
(99, 199, '2025-04-09', 11999.00, 'Delivered'),
(100, 200, '2025-04-10', 17999.00, 'Shipped'),
(101, 101, '2025-04-11', 21999.00, 'Delivered'),
(102, 102, '2025-04-12', 25999.00, 'Delivered'),
(103, 103, '2025-04-13', 29999.00, 'Shipped'),
(104, 104, '2025-04-14', 34999.00, 'Pending'),
(105, 105, '2025-04-15', 15999.00, 'Delivered'),
(106, 106, '2025-04-16', 12999.00, 'Delivered'),
(107, 107, '2025-04-17', 9999.00, 'Shipped'),
(108, 108, '2025-04-18', 7999.00, 'Cancelled'),
(109, 109, '2025-04-19', 11999.00, 'Delivered'),
(110, 110, '2025-04-20', 17999.00, 'Shipped'),
(111, 111, '2025-04-21', 21999.00, 'Delivered'),
(112, 112, '2025-04-22', 25999.00, 'Delivered'),
(113, 113, '2025-04-23', 29999.00, 'Pending'),
(114, 114, '2025-04-24', 34999.00, 'Shipped'),
(115, 115, '2025-04-25', 15999.00, 'Delivered'),
(116, 116, '2025-04-26', 12999.00, 'Delivered'),
(117, 117, '2025-04-27', 9999.00, 'Shipped'),
(118, 118, '2025-04-28', 7999.00, 'Cancelled'),
(119, 119, '2025-04-29', 11999.00, 'Delivered'),
(120, 120, '2025-04-30', 17999.00, 'Shipped'),
(121, 121, '2025-05-01', 21999.00, 'Delivered'),
(122, 122, '2025-05-02', 25999.00, 'Delivered'),
(123, 123, '2025-05-03', 29999.00, 'Pending'),
(124, 124, '2025-05-04', 34999.00, 'Shipped'),
(125, 125, '2025-05-05', 15999.00, 'Delivered'),
(126, 126, '2025-05-06', 12999.00, 'Delivered'),
(127, 127, '2025-05-07', 9999.00, 'Shipped'),
(128, 128, '2025-05-08', 7999.00, 'Cancelled'),
(129, 129, '2025-05-09', 11999.00, 'Delivered'),
(130, 130, '2025-05-10', 17999.00, 'Shipped'),
(131, 131, '2025-05-11', 21999.00, 'Delivered'),
(132, 132, '2025-05-12', 25999.00, 'Delivered'),
(133, 133, '2025-05-13', 29999.00, 'Pending'),
(134, 134, '2025-05-14', 34999.00, 'Shipped'),
(135, 135, '2025-05-15', 15999.00, 'Delivered'),
(136, 136, '2025-05-16', 12999.00, 'Delivered'),
(137, 137, '2025-05-17', 9999.00, 'Shipped'),
(138, 138, '2025-05-18', 7999.00, 'Cancelled'),
(139, 139, '2025-05-19', 11999.00, 'Delivered'),
(140, 140, '2025-05-20', 17999.00, 'Shipped'),
(141, 141, '2025-05-21', 21999.00, 'Delivered'),
(142, 142, '2025-05-22', 25999.00, 'Delivered'),
(143, 143, '2025-05-23', 29999.00, 'Pending'),
(144, 144, '2025-05-24', 34999.00, 'Shipped'),
(145, 145, '2025-05-25', 15999.00, 'Delivered'),
(146, 146, '2025-05-26', 12999.00, 'Delivered'),
(147, 147, '2025-05-27', 9999.00, 'Shipped'),
(148, 148, '2025-05-28', 7999.00, 'Cancelled'),
(149, 149, '2025-05-29', 11999.00, 'Delivered'),
(150, 150, '2025-05-30', 17999.00, 'Shipped'),
(151, 151, '2025-05-31', 21999.00, 'Delivered'),
(152, 152, '2025-06-01', 25999.00, 'Delivered'),
(153, 153, '2025-06-02', 29999.00, 'Pending'),
(154, 154, '2025-06-03', 34999.00, 'Shipped'),
(155, 155, '2025-06-04', 15999.00, 'Delivered'),
(156, 156, '2025-06-05', 12999.00, 'Delivered'),
(157, 157, '2025-06-06', 9999.00, 'Shipped'),
(158, 158, '2025-06-07', 7999.00, 'Cancelled'),
(159, 159, '2025-06-08', 11999.00, 'Delivered'),
(160, 160, '2025-06-09', 17999.00, 'Shipped'),
(161, 161, '2025-06-10', 21999.00, 'Delivered'),
(162, 162, '2025-06-11', 25999.00, 'Delivered'),
(163, 163, '2025-06-12', 29999.00, 'Pending'),
(164, 164, '2025-06-13', 34999.00, 'Shipped'),
(165, 165, '2025-06-14', 15999.00, 'Delivered'),
(166, 166, '2025-06-15', 12999.00, 'Delivered'),
(167, 167, '2025-06-16', 9999.00, 'Shipped'),
(168, 168, '2025-06-17', 7999.00, 'Cancelled'),
(169, 169, '2025-06-18', 11999.00, 'Delivered'),
(170, 170, '2025-06-19', 17999.00, 'Shipped'),
(171, 171, '2025-06-20', 21999.00, 'Delivered'),
(172, 172, '2025-06-21', 25999.00, 'Delivered'),
(173, 173, '2025-06-22', 29999.00, 'Pending'),
(174, 174, '2025-06-23', 34999.00, 'Shipped'),
(175, 175, '2025-06-24', 15999.00, 'Delivered'),
(176, 176, '2025-06-25', 12999.00, 'Delivered'),
(177, 177, '2025-06-26', 9999.00, 'Shipped'),
(178, 178, '2025-06-27', 7999.00, 'Cancelled'),
(179, 179, '2025-06-28', 11999.00, 'Delivered'),
(180, 180, '2025-06-29', 17999.00, 'Shipped'),
(181, 181, '2025-06-30', 21999.00, 'Delivered'),
(182, 182, '2025-07-01', 25999.00, 'Delivered'),
(183, 183, '2025-07-02', 29999.00, 'Pending'),
(184, 184, '2025-07-03', 34999.00, 'Shipped'),
(185, 185, '2025-07-04', 15999.00, 'Delivered'),
(186, 186, '2025-07-05', 12999.00, 'Delivered'),
(187, 187, '2025-07-06', 9999.00, 'Shipped'),
(188, 188, '2025-07-07', 7999.00, 'Cancelled'),
(189, 189, '2025-07-08', 11999.00, 'Delivered'),
(190, 190, '2025-07-09', 17999.00, 'Shipped'),
(191, 191, '2025-07-10', 21999.00, 'Delivered'),
(192, 192, '2025-07-11', 25999.00, 'Delivered'),
(193, 193, '2025-07-12', 29999.00, 'Pending'),
(194, 194, '2025-07-13', 34999.00, 'Shipped'),
(195, 195, '2025-07-14', 15999.00, 'Delivered'),
(196, 196, '2025-07-15', 12999.00, 'Delivered'),
(197, 197, '2025-07-16', 9999.00, 'Shipped'),
(198, 198, '2025-07-17', 7999.00, 'Cancelled'),
(199, 199, '2025-07-18', 11999.00, 'Delivered'),
(200, 200, '2025-07-19', 17999.00, 'Shipped');
select*from Orders;

CREATE TABLE OrderDetails (OrderDetailID INT PRIMARY KEY,OrderID INT,ProductID INT,Quantity INT,UnitPrice DECIMAL(10,2),FOREIGN KEY (OrderID) REFERENCES Orders(OrderID),FOREIGN KEY (ProductID) REFERENCES Products(ProductID));
INSERT INTO OrderDetails (OrderDetailID, OrderID, ProductID, Quantity, UnitPrice) VALUES
(1, 1, 1, 1, 79999.00),
(2, 2, 2, 1, 89999.00),
(3, 3, 12, 2, 1499.00),
(4, 4, 5, 1, 17999.00),
(5, 5, 10, 1, 54999.00),
(6, 6, 15, 1, 21999.00),
(7, 7, 20, 1, 39999.00),
(8, 8, 25, 1, 38999.00),
(9, 9, 30, 1, 3999.00),
(10, 10, 35, 2, 249.00),
(11, 11, 40, 1, 22999.00),
(12, 12, 45, 1, 799.00),
(13, 13, 50, 1, 7999.00),
(14, 14, 55, 3, 50.00),
(15, 15, 60, 1, 10999.00),
(16, 16, 65, 1, 2499.00),
(17, 17, 70, 1, 1999.00),
(18, 18, 75, 2, 1499.00),
(19, 19, 80, 1, 35999.00),
(20, 20, 85, 1, 1499.00),
(21, 21, 90, 2, 999.00),
(22, 22, 95, 1, 19999.00),
(23, 23, 100, 1, 299.00),
(24, 24, 105, 1, 74999.00),
(25, 25, 110, 1, 32999.00),
(26, 26, 115, 1, 39999.00),
(27, 27, 120, 1, 39999.00),
(28, 28, 125, 1, 49999.00),
(29, 29, 130, 1, 47999.00),
(30, 30, 135, 1, 9999.00),
(31, 31, 140, 1, 5999.00),
(32, 32, 145, 2, 2199.00),
(33, 33, 150, 1, 999.00),
(34, 34, 155, 1, 3999.00),
(35, 35, 160, 1, 3499.00),
(36, 36, 165, 1, 1999.00),
(37, 37, 170, 1, 1499.00),
(38, 38, 175, 1, 7999.00),
(39, 39, 180, 2, 1799.00),
(40, 40, 185, 1, 17999.00),
(41, 41, 190, 1, 1999.00),
(42, 42, 195, 1, 5999.00),
(43, 43, 200, 1, 299.00),
(44, 44, 3, 1, 64999.00),
(45, 45, 8, 1, 99999.00),
(46, 46, 13, 1, 1999.00),
(47, 47, 18, 1, 49999.00),
(48, 48, 23, 1, 23999.00),
(49, 49, 28, 2, 4999.00),
(50, 50, 33, 1, 299.00),
(51, 51, 38, 1, 2799.00),
(52, 52, 43, 1, 6999.00),
(53, 53, 48, 1, 699.00),
(54, 54, 53, 1, 1499.00),
(55, 55, 58, 1, 45.00),
(56, 56, 63, 1, 32999.00),
(57, 57, 68, 1, 54999.00),
(58, 58, 73, 1, 9999.00),
(59, 59, 78, 1, 1199.00),
(60, 60, 83, 2, 1299.00),
(61, 61, 88, 1, 1599.00),
(62, 62, 93, 1, 1999.00),
(63, 63, 98, 1, 499.00),
(64, 64, 103, 1, 79999.00),
(65, 65, 108, 1, 24999.00),
(66, 66, 113, 1, 69999.00),
(67, 67, 118, 1, 84999.00),
(68, 68, 123, 1, 45999.00),
(69, 69, 128, 1, 45999.00),
(70, 70, 133, 1, 49999.00),
(71, 71, 138, 1, 5999.00),
(72, 72, 143, 1, 2299.00),
(73, 73, 148, 1, 499.00),
(74, 74, 153, 1, 1499.00),
(75, 75, 158, 1, 1299.00),
(76, 76, 163, 1, 8999.00),
(77, 77, 168, 1, 35999.00),
(78, 78, 173, 1, 9999.00),
(79, 79, 178, 2, 1999.00),
(80, 80, 183, 1, 49999.00),
(81, 81, 188, 1, 1199.00),
(82, 82, 193, 2, 799.00),
(83, 83, 198, 1, 1499.00),
(84, 84, 4, 1, 19999.00),
(85, 85, 9, 1, 17999.00),
(86, 86, 14, 1, 11999.00),
(87, 87, 19, 1, 55999.00),
(88, 88, 24, 1, 41999.00),
(89, 89, 29, 1, 4599.00),
(90, 90, 34, 2, 399.00),
(91, 91, 39, 1, 3999.00),
(92, 92, 44, 1, 5999.00),
(93, 93, 49, 1, 8999.00),
(94, 94, 54, 1, 1299.00),
(95, 95, 59, 1, 10999.00),
(96, 96, 64, 1, 9999.00),
(97, 97, 69, 1, 14999.00),
(98, 98, 74, 1, 2499.00),
(99, 99, 79, 1, 28999.00),
(100, 100, 84, 1, 999.00),
(101, 101, 89, 1, 2999.00),
(102, 102, 94, 1, 1499.00),
(103, 103, 99, 1, 999.00),
(104, 104, 104, 1, 14999.00),
(105, 105, 109, 1, 23999.00),
(106, 106, 114, 1, 49999.00),
(107, 107, 119, 1, 44999.00),
(108, 108, 124, 1, 42999.00),
(109, 109, 129, 1, 42999.00),
(110, 110, 134, 1, 9999.00),
(111, 111, 139, 1, 5999.00),
(112, 112, 144, 1, 1999.00),
(113, 113, 149, 1, 399.00),
(114, 114, 154, 1, 2599.00),
(115, 115, 159, 1, 2499.00),
(116, 116, 164, 1, 1499.00),
(117, 117, 169, 1, 32999.00),
(118, 118, 174, 1, 7999.00),
(119, 119, 179, 2, 1499.00),
(120, 120, 184, 1, 19999.00),
(121, 121, 189, 1, 1499.00),
(122, 122, 194, 1, 2999.00),
(123, 123, 199, 1, 999.00),
(124, 124, 2, 1, 89999.00),
(125, 125, 7, 1, 62999.00),
(126, 126, 12, 2, 1499.00),
(127, 127, 17, 1, 39999.00),
(128, 128, 22, 1, 32999.00),
(129, 129, 27, 1, 42999.00),
(130, 130, 32, 1, 2299.00),
(131, 131, 37, 1, 3499.00),
(132, 132, 42, 1, 14999.00),
(133, 133, 47, 1, 8999.00),
(134, 134, 52, 1, 799.00),
(135, 135, 57, 1, 9999.00),
(136, 136, 62, 1, 1999.00),
(137, 137, 67, 1, 54999.00),
(138, 138, 72, 1, 7999.00),
(139, 139, 77, 1, 1199.00),
(140, 140, 82, 1, 22999.00),
(141, 141, 87, 1, 1499.00),
(142, 142, 92, 1, 7999.00),
(143, 143, 97, 1, 999.00),
(144, 144, 102, 1, 89999.00),
(145, 145, 107, 1, 79999.00),
(146, 146, 112, 1, 72999.00),
(147, 147, 117, 1, 79999.00),
(148, 148, 122, 1, 42999.00),
(149, 149, 127, 1, 39999.00),
(150, 150, 132, 1, 14999.00),
(151, 151, 137, 1, 9999.00),
(152, 152, 142, 1, 2499.00),
(153, 153, 147, 1, 699.00),
(154, 154, 152, 1, 2999.00),
(155, 155, 157, 1, 1999.00),
(156, 156, 162, 1, 6999.00),
(157, 157, 167, 1, 49999.00),
(158, 158, 172, 1, 12999.00),
(159, 159, 177, 1, 29999.00),
(160, 160, 182, 1, 69999.00),
(161, 161, 187, 1, 1299.00),
(162, 162, 192, 1, 5499.00),
(163, 163, 197, 2, 999.00),
(164, 164, 1, 1, 79999.00),
(165, 165, 6, 1, 58999.00),
(166, 166, 11, 1, 29999.00),
(167, 167, 16, 1, 38999.00),
(168, 168, 21, 1, 24999.00),
(169, 169, 26, 1, 35999.00),
(170, 170, 31, 2, 2499.00),
(171, 171, 36, 1, 249.00),
(172, 172, 41, 1, 11999.00),
(173, 173, 46, 1, 2999.00),
(174, 174, 51, 1, 19999.00),
(175, 175, 56, 1, 9999.00),
(176, 176, 61, 1, 14999.00),
(177, 177, 66, 1, 1499.00),
(178, 178, 71, 1, 19999.00),
(179, 179, 76, 2, 199.00),
(180, 180, 81, 1, 2999.00),
(181, 181, 86, 1, 1999.00),
(182, 182, 91, 1, 3999.00),
(183, 183, 96, 1, 12999.00),
(184, 184, 101, 1, 109999.00),
(185, 185, 106, 1, 34999.00),
(186, 186, 111, 1, 65999.00),
(187, 187, 116, 1, 89999.00),
(188, 188, 121, 1, 27999.00),
(189, 189, 126, 1, 28999.00),
(190, 190, 131, 1, 12999.00),
(191, 191, 136, 1, 8999.00),
(192, 192, 141, 1, 2799.00),
(193, 193, 146, 1, 799.00),
(194, 194, 151, 1, 3499.00),
(195, 195, 156, 2, 1499.00),
(196, 196, 161, 1, 999.00),
(197, 197, 166, 1, 42999.00),
(198, 198, 171, 1, 1499.00),
(199, 199, 176, 1, 27999.00),
(200, 200, 181, 1, 14999.00);
select*from OrderDetails;

CREATE TABLE Payments (PaymentID INT PRIMARY KEY,OrderID INT,Method VARCHAR(50),Amount DECIMAL(10,2),Status VARCHAR(30),FOREIGN KEY (OrderID) REFERENCES Orders(OrderID));
INSERT INTO Payments (PaymentID, OrderID, Method, Amount, Status) VALUES
(1, 1, 'UPI', 15999.00, 'Success'),
(2, 2, 'Card', 25999.00, 'Success'),
(3, 3, 'NetBanking', 4999.00, 'Success'),
(4, 4, 'UPI', 12999.00, 'Pending'),
(5, 5, 'Cash on Delivery', 7999.00, 'Success'),
(6, 6, 'UPI', 18999.00, 'Success'),
(7, 7, 'Card', 9999.00, 'Success'),
(8, 8, 'UPI', 14999.00, 'Failed'),
(9, 9, 'NetBanking', 22999.00, 'Success'),
(10, 10, 'UPI', 34999.00, 'Pending'),
(11, 11, 'Card', 5999.00, 'Success'),
(12, 12, 'UPI', 7999.00, 'Success'),
(13, 13, 'NetBanking', 11999.00, 'Success'),
(14, 14, 'UPI', 15999.00, 'Success'),
(15, 15, 'Card', 19999.00, 'Pending'),
(16, 16, 'UPI', 24999.00, 'Success'),
(17, 17, 'Card', 29999.00, 'Success'),
(18, 18, 'Cash on Delivery', 8999.00, 'Success'),
(19, 19, 'UPI', 4999.00, 'Failed'),
(20, 20, 'NetBanking', 12999.00, 'Success'),
(21, 21, 'UPI', 17999.00, 'Success'),
(22, 22, 'Card', 9999.00, 'Success'),
(23, 23, 'UPI', 5999.00, 'Pending'),
(24, 24, 'NetBanking', 13999.00, 'Success'),
(25, 25, 'UPI', 19999.00, 'Success'),
(26, 26, 'Card', 25999.00, 'Success'),
(27, 27, 'UPI', 29999.00, 'Success'),
(28, 28, 'NetBanking', 34999.00, 'Pending'),
(29, 29, 'UPI', 15999.00, 'Success'),
(30, 30, 'Card', 8999.00, 'Failed'),
(31, 31, 'UPI', 12999.00, 'Success'),
(32, 32, 'Card', 17999.00, 'Success'),
(33, 33, 'NetBanking', 21999.00, 'Success'),
(34, 34, 'UPI', 9999.00, 'Success'),
(35, 35, 'Cash on Delivery', 4999.00, 'Pending'),
(36, 36, 'UPI', 7999.00, 'Success'),
(37, 37, 'Card', 11999.00, 'Success'),
(38, 38, 'UPI', 15999.00, 'Success'),
(39, 39, 'NetBanking', 19999.00, 'Failed'),
(40, 40, 'UPI', 24999.00, 'Success'),
(41, 41, 'Card', 29999.00, 'Success'),
(42, 42, 'UPI', 34999.00, 'Success'),
(43, 43, 'NetBanking', 8999.00, 'Pending'),
(44, 44, 'UPI', 12999.00, 'Success'),
(45, 45, 'Card', 17999.00, 'Success'),
(46, 46, 'UPI', 21999.00, 'Success'),
(47, 47, 'Card', 25999.00, 'Success'),
(48, 48, 'UPI', 9999.00, 'Failed'),
(49, 49, 'NetBanking', 4999.00, 'Success'),
(50, 50, 'UPI', 13999.00, 'Success'),
(51, 51, 'Card', 18999.00, 'Success'),
(52, 52, 'UPI', 22999.00, 'Success'),
(53, 53, 'NetBanking', 29999.00, 'Pending'),
(54, 54, 'UPI', 34999.00, 'Success'),
(55, 55, 'Card', 15999.00, 'Success'),
(56, 56, 'UPI', 12999.00, 'Success'),
(57, 57, 'Card', 9999.00, 'Failed'),
(58, 58, 'UPI', 7999.00, 'Success'),
(59, 59, 'NetBanking', 11999.00, 'Success'),
(60, 60, 'UPI', 17999.00, 'Success'),
(61, 61, 'Card', 21999.00, 'Success'),
(62, 62, 'UPI', 25999.00, 'Success'),
(63, 63, 'NetBanking', 29999.00, 'Pending'),
(64, 64, 'UPI', 34999.00, 'Success'),
(65, 65, 'Card', 15999.00, 'Success'),
(66, 66, 'UPI', 12999.00, 'Success'),
(67, 67, 'Card', 9999.00, 'Success'),
(68, 68, 'UPI', 7999.00, 'Failed'),
(69, 69, 'NetBanking', 11999.00, 'Success'),
(70, 70, 'UPI', 17999.00, 'Success'),
(71, 71, 'Card', 21999.00, 'Success'),
(72, 72, 'UPI', 25999.00, 'Success'),
(73, 73, 'NetBanking', 29999.00, 'Pending'),
(74, 74, 'UPI', 34999.00, 'Success'),
(75, 75, 'Card', 15999.00, 'Success'),
(76, 76, 'UPI', 12999.00, 'Success'),
(77, 77, 'Card', 9999.00, 'Success'),
(78, 78, 'UPI', 7999.00, 'Failed'),
(79, 79, 'NetBanking', 11999.00, 'Success'),
(80, 80, 'UPI', 17999.00, 'Success'),
(81, 81, 'Card', 21999.00, 'Success'),
(82, 82, 'UPI', 25999.00, 'Success'),
(83, 83, 'NetBanking', 29999.00, 'Pending'),
(84, 84, 'UPI', 34999.00, 'Success'),
(85, 85, 'Card', 15999.00, 'Success'),
(86, 86, 'UPI', 12999.00, 'Success'),
(87, 87, 'Card', 9999.00, 'Failed'),
(88, 88, 'UPI', 7999.00, 'Success'),
(89, 89, 'NetBanking', 11999.00, 'Success'),
(90, 90, 'UPI', 17999.00, 'Success'),
(91, 91, 'Card', 21999.00, 'Success'),
(92, 92, 'UPI', 25999.00, 'Success'),
(93, 93, 'NetBanking', 29999.00, 'Pending'),
(94, 94, 'UPI', 34999.00, 'Success'),
(95, 95, 'Card', 15999.00, 'Success'),
(96, 96, 'UPI', 12999.00, 'Success'),
(97, 97, 'Card', 9999.00, 'Success'),
(98, 98, 'UPI', 7999.00, 'Failed'),
(99, 99, 'NetBanking', 11999.00, 'Success'),
(100, 100, 'UPI', 17999.00, 'Success'),
(101, 101, 'Card', 21999.00, 'Success'),
(102, 102, 'UPI', 25999.00, 'Success'),
(103, 103, 'NetBanking', 29999.00, 'Pending'),
(104, 104, 'UPI', 34999.00, 'Success'),
(105, 105, 'Card', 15999.00, 'Success'),
(106, 106, 'UPI', 12999.00, 'Success'),
(107, 107, 'Card', 9999.00, 'Success'),
(108, 108, 'UPI', 7999.00, 'Failed'),
(109, 109, 'NetBanking', 11999.00, 'Success'),
(110, 110, 'UPI', 17999.00, 'Success'),
(111, 111, 'Card', 21999.00, 'Success'),
(112, 112, 'UPI', 25999.00, 'Success'),
(113, 113, 'NetBanking', 29999.00, 'Pending'),
(114, 114, 'UPI', 34999.00, 'Success'),
(115, 115, 'Card', 15999.00, 'Success'),
(116, 116, 'UPI', 12999.00, 'Success'),
(117, 117, 'Card', 9999.00, 'Success'),
(118, 118, 'UPI', 7999.00, 'Failed'),
(119, 119, 'NetBanking', 11999.00, 'Success'),
(120, 120, 'UPI', 17999.00, 'Success'),
(121, 121, 'Card', 21999.00, 'Success'),
(122, 122, 'UPI', 25999.00, 'Success'),
(123, 123, 'NetBanking', 29999.00, 'Pending'),
(124, 124, 'UPI', 34999.00, 'Success'),
(125, 125, 'Card', 15999.00, 'Success'),
(126, 126, 'UPI', 12999.00, 'Success'),
(127, 127, 'Card', 9999.00, 'Success'),
(128, 128, 'UPI', 7999.00, 'Failed'),
(129, 129, 'NetBanking', 11999.00, 'Success'),
(130, 130, 'UPI', 17999.00, 'Success'),
(131, 131, 'Card', 21999.00, 'Success'),
(132, 132, 'UPI', 25999.00, 'Success'),
(133, 133, 'NetBanking', 29999.00, 'Pending'),
(134, 134, 'UPI', 34999.00, 'Success'),
(135, 135, 'Card', 15999.00, 'Success'),
(136, 136, 'UPI', 12999.00, 'Success'),
(137, 137, 'Card', 9999.00, 'Success'),
(138, 138, 'UPI', 7999.00, 'Failed'),
(139, 139, 'NetBanking', 11999.00, 'Success'),
(140, 140, 'UPI', 17999.00, 'Success'),
(141, 141, 'Card', 21999.00, 'Success'),
(142, 142, 'UPI', 25999.00, 'Success'),
(143, 143, 'NetBanking', 29999.00, 'Pending'),
(144, 144, 'UPI', 34999.00, 'Success'),
(145, 145, 'Card', 15999.00, 'Success'),
(146, 146, 'UPI', 12999.00, 'Success'),
(147, 147, 'Card', 9999.00, 'Success'),
(148, 148, 'UPI', 7999.00, 'Failed'),
(149, 149, 'NetBanking', 11999.00, 'Success'),
(150, 150, 'UPI', 17999.00, 'Success'),
(151, 151, 'Card', 21999.00, 'Success'),
(152, 152, 'UPI', 25999.00, 'Success'),
(153, 153, 'NetBanking', 29999.00, 'Pending'),
(154, 154, 'UPI', 34999.00, 'Success'),
(155, 155, 'Card', 15999.00, 'Success'),
(156, 156, 'UPI', 12999.00, 'Success'),
(157, 157, 'Card', 9999.00, 'Success'),
(158, 158, 'UPI', 7999.00, 'Failed'),
(159, 159, 'NetBanking', 11999.00, 'Success'),
(160, 160, 'UPI', 17999.00, 'Success'),
(161, 161, 'Card', 21999.00, 'Success'),
(162, 162, 'UPI', 25999.00, 'Success'),
(163, 163, 'NetBanking', 29999.00, 'Pending'),
(164, 164, 'UPI', 34999.00, 'Success'),
(165, 165, 'Card', 15999.00, 'Success'),
(166, 166, 'UPI', 12999.00, 'Success'),
(167, 167, 'Card', 9999.00, 'Success'),
(168, 168, 'UPI', 7999.00, 'Failed'),
(169, 169, 'NetBanking', 11999.00, 'Success'),
(170, 170, 'UPI', 17999.00, 'Success'),
(171, 171, 'Card', 21999.00, 'Success'),
(172, 172, 'UPI', 25999.00, 'Success'),
(173, 173, 'NetBanking', 29999.00, 'Pending'),
(174, 174, 'UPI', 34999.00, 'Success'),
(175, 175, 'Card', 15999.00, 'Success'),
(176, 176, 'UPI', 12999.00, 'Success'),
(177, 177, 'Card', 9999.00, 'Success'),
(178, 178, 'UPI', 7999.00, 'Failed'),
(179, 179, 'NetBanking', 11999.00, 'Success'),
(180, 180, 'UPI', 17999.00, 'Success'),
(181, 181, 'Card', 21999.00, 'Success'),
(182, 182, 'UPI', 25999.00, 'Success'),
(183, 183, 'NetBanking', 29999.00, 'Pending'),
(184, 184, 'UPI', 34999.00, 'Success'),
(185, 185, 'Card', 15999.00, 'Success'),
(186, 186, 'UPI', 12999.00, 'Success'),
(187, 187, 'Card', 9999.00, 'Success'),
(188, 188, 'UPI', 7999.00, 'Failed'),
(189, 189, 'NetBanking', 11999.00, 'Success'),
(190, 190, 'UPI', 17999.00, 'Success'),
(191, 191, 'Card', 21999.00, 'Success'),
(192, 192, 'UPI', 25999.00, 'Success'),
(193, 193, 'NetBanking', 29999.00, 'Pending'),
(194, 194, 'UPI', 34999.00, 'Success'),
(195, 195, 'Card', 15999.00, 'Success'),
(196, 196, 'UPI', 12999.00, 'Success'),
(197, 197, 'Card', 9999.00, 'Success'),
(198, 198, 'UPI', 7999.00, 'Failed'),
(199, 199, 'NetBanking', 11999.00, 'Success'),
(200, 200, 'UPI', 17999.00, 'Success');
select*from Payments; 

CREATE TABLE Shipping (ShippingID INT PRIMARY KEY,OrderID INT,ShippingStatus VARCHAR(30),FOREIGN KEY (OrderID) REFERENCES Orders(OrderID));
INSERT INTO Shipping (ShippingID, OrderID, ShippingStatus) VALUES
(1, 1, 'Delivered'),
(2, 2, 'Delivered'),
(3, 3, 'Shipped'),
(4, 4, 'Processing'),
(5, 5, 'Delivered'),
(6, 6, 'Delivered'),
(7, 7, 'Shipped'),
(8, 8, 'Cancelled'),
(9, 9, 'Delivered'),
(10, 10, 'Processing'),
(11, 11, 'Delivered'),
(12, 12, 'Delivered'),
(13, 13, 'Shipped'),
(14, 14, 'Delivered'),
(15, 15, 'Processing'),
(16, 16, 'Delivered'),
(17, 17, 'Shipped'),
(18, 18, 'Delivered'),
(19, 19, 'Cancelled'),
(20, 20, 'Delivered'),
(21, 21, 'Delivered'),
(22, 22, 'Shipped'),
(23, 23, 'Processing'),
(24, 24, 'Delivered'),
(25, 25, 'Delivered'),
(26, 26, 'Shipped'),
(27, 27, 'Delivered'),
(28, 28, 'Processing'),
(29, 29, 'Delivered'),
(30, 30, 'Cancelled'),
(31, 31, 'Delivered'),
(32, 32, 'Shipped'),
(33, 33, 'Delivered'),
(34, 34, 'Delivered'),
(35, 35, 'Processing'),
(36, 36, 'Delivered'),
(37, 37, 'Shipped'),
(38, 38, 'Delivered'),
(39, 39, 'Cancelled'),
(40, 40, 'Delivered'),
(41, 41, 'Shipped'),
(42, 42, 'Delivered'),
(43, 43, 'Processing'),
(44, 44, 'Delivered'),
(45, 45, 'Shipped'),
(46, 46, 'Delivered'),
(47, 47, 'Delivered'),
(48, 48, 'Cancelled'),
(49, 49, 'Delivered'),
(50, 50, 'Shipped'),
(51, 51, 'Delivered'),
(52, 52, 'Delivered'),
(53, 53, 'Processing'),
(54, 54, 'Shipped'),
(55, 55, 'Delivered'),
(56, 56, 'Delivered'),
(57, 57, 'Cancelled'),
(58, 58, 'Delivered'),
(59, 59, 'Shipped'),
(60, 60, 'Delivered'),
(61, 61, 'Delivered'),
(62, 62, 'Shipped'),
(63, 63, 'Processing'),
(64, 64, 'Delivered'),
(65, 65, 'Delivered'),
(66, 66, 'Shipped'),
(67, 67, 'Delivered'),
(68, 68, 'Cancelled'),
(69, 69, 'Delivered'),
(70, 70, 'Shipped'),
(71, 71, 'Delivered'),
(72, 72, 'Delivered'),
(73, 73, 'Processing'),
(74, 74, 'Shipped'),
(75, 75, 'Delivered'),
(76, 76, 'Delivered'),
(77, 77, 'Shipped'),
(78, 78, 'Cancelled'),
(79, 79, 'Delivered'),
(80, 80, 'Shipped'),
(81, 81, 'Delivered'),
(82, 82, 'Delivered'),
(83, 83, 'Processing'),
(84, 84, 'Shipped'),
(85, 85, 'Delivered'),
(86, 86, 'Delivered'),
(87, 87, 'Cancelled'),
(88, 88, 'Delivered'),
(89, 89, 'Shipped'),
(90, 90, 'Delivered'),
(91, 91, 'Delivered'),
(92, 92, 'Shipped'),
(93, 93, 'Processing'),
(94, 94, 'Delivered'),
(95, 95, 'Delivered'),
(96, 96, 'Shipped'),
(97, 97, 'Delivered'),
(98, 98, 'Cancelled'),
(99, 99, 'Delivered'),
(100, 100, 'Shipped'),
(101, 101, 'Delivered'),
(102, 102, 'Delivered'),
(103, 103, 'Processing'),
(104, 104, 'Shipped'),
(105, 105, 'Delivered'),
(106, 106, 'Delivered'),
(107, 107, 'Shipped'),
(108, 108, 'Cancelled'),
(109, 109, 'Delivered'),
(110, 110, 'Processing'),
(111, 111, 'Delivered'),
(112, 112, 'Delivered'),
(113, 113, 'Shipped'),
(114, 114, 'Delivered'),
(115, 115, 'Processing'),
(116, 116, 'Delivered'),
(117, 117, 'Shipped'),
(118, 118, 'Delivered'),
(119, 119, 'Cancelled'),
(120, 120, 'Delivered'),
(121, 121, 'Shipped'),
(122, 122, 'Delivered'),
(123, 123, 'Processing'),
(124, 124, 'Delivered'),
(125, 125, 'Delivered'),
(126, 126, 'Shipped'),
(127, 127, 'Delivered'),
(128, 128, 'Processing'),
(129, 129, 'Delivered'),
(130, 130, 'Cancelled'),
(131, 131, 'Delivered'),
(132, 132, 'Shipped'),
(133, 133, 'Delivered'),
(134, 134, 'Processing'),
(135, 135, 'Delivered'),
(136, 136, 'Delivered'),
(137, 137, 'Shipped'),
(138, 138, 'Cancelled'),
(139, 139, 'Delivered'),
(140, 140, 'Processing'),
(141, 141, 'Delivered'),
(142, 142, 'Shipped'),
(143, 143, 'Delivered'),
(144, 144, 'Processing'),
(145, 145, 'Delivered'),
(146, 146, 'Shipped'),
(147, 147, 'Delivered'),
(148, 148, 'Cancelled'),
(149, 149, 'Delivered'),
(150, 150, 'Processing'),
(151, 151, 'Delivered'),
(152, 152, 'Shipped'),
(153, 153, 'Processing'),
(154, 154, 'Delivered'),
(155, 155, 'Delivered'),
(156, 156, 'Shipped'),
(157, 157, 'Delivered'),
(158, 158, 'Cancelled'),
(159, 159, 'Delivered'),
(160, 160, 'Processing'),
(161, 161, 'Delivered'),
(162, 162, 'Shipped'),
(163, 163, 'Delivered'),
(164, 164, 'Processing'),
(165, 165, 'Delivered'),
(166, 166, 'Shipped'),
(167, 167, 'Delivered'),
(168, 168, 'Cancelled'),
(169, 169, 'Delivered'),
(170, 170, 'Processing'),
(171, 171, 'Delivered'),
(172, 172, 'Shipped'),
(173, 173, 'Delivered'),
(174, 174, 'Processing'),
(175, 175, 'Delivered'),
(176, 176, 'Shipped'),
(177, 177, 'Delivered'),
(178, 178, 'Cancelled'),
(179, 179, 'Delivered'),
(180, 180, 'Processing'),
(181, 181, 'Delivered'),
(182, 182, 'Shipped'),
(183, 183, 'Processing'),
(184, 184, 'Delivered'),
(185, 185, 'Delivered'),
(186, 186, 'Shipped'),
(187, 187, 'Delivered'),
(188, 188, 'Cancelled'),
(189, 189, 'Delivered'),
(190, 190, 'Processing'),
(191, 191, 'Delivered'),
(192, 192, 'Shipped'),
(193, 193, 'Delivered'),
(194, 194, 'Processing'),
(195, 195, 'Delivered'),
(196, 196, 'Shipped'),
(197, 197, 'Delivered'),
(198, 198, 'Cancelled'),
(199, 199, 'Delivered'),
(200, 200, 'Processing');
select*from Shipping ;

CREATE TABLE Reviews (ReviewID INT PRIMARY KEY,CustomerID INT,ProductID INT,Rating INT,FOREIGN KEY (CustomerID) REFERENCES Customers(CustomerID),FOREIGN KEY (ProductID) REFERENCES Products(ProductID));
INSERT INTO Reviews (ReviewID, CustomerID, ProductID, Rating) VALUES
(1, 101, 1, 5),
(2, 102, 2, 4),
(3, 103, 3, 3),
(4, 104, 4, 5),
(5, 105, 5, 4),
(6, 106, 6, 5),
(7, 107, 7, 2),
(8, 108, 8, 4),
(9, 109, 9, 5),
(10, 110, 10, 3),
(11, 111, 11, 4),
(12, 112, 12, 5),
(13, 113, 13, 3),
(14, 114, 14, 4),
(15, 115, 15, 5),
(16, 116, 16, 2),
(17, 117, 17, 4),
(18, 118, 18, 5),
(19, 119, 19, 3),
(20, 120, 20, 4),
(21, 121, 21, 5),
(22, 122, 22, 4),
(23, 123, 23, 3),
(24, 124, 24, 5),
(25, 125, 25, 4),
(26, 126, 26, 5),
(27, 127, 27, 3),
(28, 128, 28, 4),
(29, 129, 29, 5),
(30, 130, 30, 2),
(31, 131, 31, 4),
(32, 132, 32, 5),
(33, 133, 33, 3),
(34, 134, 34, 4),
(35, 135, 35, 5),
(36, 136, 36, 4),
(37, 137, 37, 3),
(38, 138, 38, 5),
(39, 139, 39, 2),
(40, 140, 40, 4),
(41, 141, 41, 5),
(42, 142, 42, 4),
(43, 143, 43, 3),
(44, 144, 44, 5),
(45, 145, 45, 4),
(46, 146, 46, 5),
(47, 147, 47, 3),
(48, 148, 48, 4),
(49, 149, 49, 5),
(50, 150, 50, 2),
(51, 151, 51, 4),
(52, 152, 52, 5),
(53, 153, 53, 3),
(54, 154, 54, 4),
(55, 155, 55, 5),
(56, 156, 56, 4),
(57, 157, 57, 3),
(58, 158, 58, 5),
(59, 159, 59, 2),
(60, 160, 60, 4),
(61, 161, 61, 5),
(62, 162, 62, 4),
(63, 163, 63, 3),
(64, 164, 64, 5),
(65, 165, 65, 4),
(66, 166, 66, 5),
(67, 167, 67, 3),
(68, 168, 68, 4),
(69, 169, 69, 5),
(70, 170, 70, 2),
(71, 171, 71, 4),
(72, 172, 72, 5),
(73, 173, 73, 3),
(74, 174, 74, 4),
(75, 175, 75, 5),
(76, 176, 76, 4),
(77, 177, 77, 3),
(78, 178, 78, 5),
(79, 179, 79, 2),
(80, 180, 80, 4),
(81, 181, 81, 5),
(82, 182, 82, 4),
(83, 183, 83, 3),
(84, 184, 84, 5),
(85, 185, 85, 4),
(86, 186, 86, 5),
(87, 187, 87, 3),
(88, 188, 88, 4),
(89, 189, 89, 5),
(90, 190, 90, 2),
(91, 191, 91, 4),
(92, 192, 92, 5),
(93, 193, 93, 3),
(94, 194, 94, 4),
(95, 195, 95, 5),
(96, 196, 96, 4),
(97, 197, 97, 3),
(98, 198, 98, 5),
(99, 199, 99, 2),
(100, 200, 100, 4),
(101, 101, 101, 5),
(102, 102, 102, 4),
(103, 103, 103, 3),
(104, 104, 104, 5),
(105, 105, 105, 4),
(106, 106, 106, 5),
(107, 107, 107, 3),
(108, 108, 108, 4),
(109, 109, 109, 5),
(110, 110, 110, 2),
(111, 111, 111, 4),
(112, 112, 112, 5),
(113, 113, 113, 3),
(114, 114, 114, 4),
(115, 115, 115, 5),
(116, 116, 116, 4),
(117, 117, 117, 3),
(118, 118, 118, 5),
(119, 119, 119, 2),
(120, 120, 120, 4),
(121, 121, 121, 5),
(122, 122, 122, 4),
(123, 123, 123, 3),
(124, 124, 124, 5),
(125, 125, 125, 4),
(126, 126, 126, 5),
(127, 127, 127, 3),
(128, 128, 128, 4),
(129, 129, 129, 5),
(130, 130, 130, 2),
(131, 131, 131, 4),
(132, 132, 132, 5),
(133, 133, 133, 3),
(134, 134, 134, 4),
(135, 135, 135, 5),
(136, 136, 136, 4),
(137, 137, 137, 3),
(138, 138, 138, 5),
(139, 139, 139, 2),
(140, 140, 140, 4),
(141, 141, 141, 5),
(142, 142, 142, 4),
(143, 143, 143, 3),
(144, 144, 144, 5),
(145, 145, 145, 4),
(146, 146, 146, 5),
(147, 147, 147, 3),
(148, 148, 148, 4),
(149, 149, 149, 5),
(150, 150, 150, 2),
(151, 151, 151, 4),
(152, 152, 152, 5),
(153, 153, 153, 3),
(154, 154, 154, 4),
(155, 155, 155, 5),
(156, 156, 156, 4),
(157, 157, 157, 3),
(158, 158, 158, 5),
(159, 159, 159, 2),
(160, 160, 160, 4),
(161, 161, 161, 5),
(162, 162, 162, 4),
(163, 163, 163, 3),
(164, 164, 164, 5),
(165, 165, 165, 4),
(166, 166, 166, 5),
(167, 167, 167, 3),
(168, 168, 168, 4),
(169, 169, 169, 5),
(170, 170, 170, 2),
(171, 171, 171, 4),
(172, 172, 172, 5),
(173, 173, 173, 3),
(174, 174, 174, 4),
(175, 175, 175, 5),
(176, 176, 176, 4),
(177, 177, 177, 3),
(178, 178, 178, 5),
(179, 179, 179, 2),
(180, 180, 180, 4),
(181, 181, 181, 5),
(182, 182, 182, 4),
(183, 183, 183, 3),
(184, 184, 184, 5),
(185, 185, 185, 4),
(186, 186, 186, 5),
(187, 187, 187, 3),
(188, 188, 188, 4),
(189, 189, 189, 5),
(190, 190, 190, 2),
(191, 191, 191, 4),
(192, 192, 192, 5),
(193, 193, 193, 3),
(194, 194, 194, 4),
(195, 195, 195, 5),
(196, 196, 196, 4),
(197, 197, 197, 3),
(198, 198, 198, 5),
(199, 199, 199, 2),
(200, 200, 200, 4);
select*from reviews;

CREATE TABLE Cart (CartID INT PRIMARY KEY,CustomerID INT,FOREIGN KEY (CustomerID) REFERENCES Customers(CustomerID));
INSERT INTO Cart (CartID, CustomerID) VALUES
(1, 1),
(2, 2),
(3, 3),
(4, 4),
(5, 5),
(6, 6),
(7, 7),
(8, 8),
(9, 9),
(10, 10),
(11, 11),
(12, 12),
(13, 13),
(14, 14),
(15, 15),
(16, 16),
(17, 17),
(18, 18),
(19, 19),
(20, 20),
(21, 21),
(22, 22),
(23, 23),
(24, 24),
(25, 25),
(26, 26),
(27, 27),
(28, 28),
(29, 29),
(30, 30),
(31, 31),
(32, 32),
(33, 33),
(34, 34),
(35, 35),
(36, 36),
(37, 37),
(38, 38),
(39, 39),
(40, 40),
(41, 41),
(42, 42),
(43, 43),
(44, 44),
(45, 45),
(46, 46),
(47, 47),
(48, 48),
(49, 49),
(50, 50),
(51, 51),
(52, 52),
(53, 53),
(54, 54),
(55, 55),
(56, 56),
(57, 57),
(58, 58),
(59, 59),
(60, 60),
(61, 61),
(62, 62),
(63, 63),
(64, 64),
(65, 65),
(66, 66),
(67, 67),
(68, 68),
(69, 69),
(70, 70),
(71, 71),
(72, 72),
(73, 73),
(74, 74),
(75, 75),
(76, 76),
(77, 77),
(78, 78),
(79, 79),
(80, 80),
(81, 81),
(82, 82),
(83, 83),
(84, 84),
(85, 85),
(86, 86),
(87, 87),
(88, 88),
(89, 89),
(90, 90),
(91, 91),
(92, 92),
(93, 93),
(94, 94),
(95, 95),
(96, 96),
(97, 97),
(98, 98),
(99, 99),
(100, 100),
(101, 101),
(102, 102),
(103, 103),
(104, 104),
(105, 105),
(106, 106),
(107, 107),
(108, 108),
(109, 109),
(110, 110),
(111, 111),
(112, 112),
(113, 113),
(114, 114),
(115, 115),
(116, 116),
(117, 117),
(118, 118),
(119, 119),
(120, 120),
(121, 121),
(122, 122),
(123, 123),
(124, 124),
(125, 125),
(126, 126),
(127, 127),
(128, 128),
(129, 129),
(130, 130),
(131, 131),
(132, 132),
(133, 133),
(134, 134),
(135, 135),
(136, 136),
(137, 137),
(138, 138),
(139, 139),
(140, 140),
(141, 141),
(142, 142),
(143, 143),
(144, 144),
(145, 145),
(146, 146),
(147, 147),
(148, 148),
(149, 149),
(150, 150),
(151, 151),
(152, 152),
(153, 153),
(154, 154),
(155, 155),
(156, 156),
(157, 157),
(158, 158),
(159, 159),
(160, 160),
(161, 161),
(162, 162),
(163, 163),
(164, 164),
(165, 165),
(166, 166),
(167, 167),
(168, 168),
(169, 169),
(170, 170),
(171, 171),
(172, 172),
(173, 173),
(174, 174),
(175, 175),
(176, 176),
(177, 177),
(178, 178),
(179, 179),
(180, 180),
(181, 181),
(182, 182),
(183, 183),
(184, 184),
(185, 185),
(186, 186),
(187, 187),
(188, 188),
(189, 189),
(190, 190),
(191, 191),
(192, 192),
(193, 193),
(194, 194),
(195, 195),
(196, 196),
(197, 197),
(198, 198),
(199, 199),
(200, 200);
select*from cart;

CREATE TABLE CartItems (CartItemID INT PRIMARY KEY,CartID INT,ProductID INT,Quantity INT,FOREIGN KEY (CartID) REFERENCES Cart(CartID),FOREIGN KEY (ProductID) REFERENCES Products(ProductID));
INSERT INTO CartItems (CartItemID, CartID, ProductID, Quantity) VALUES
(1, 1, 10, 1),
(2, 2, 20, 2),
(3, 3, 30, 1),
(4, 4, 40, 3),
(5, 5, 50, 1),
(6, 6, 60, 2),
(7, 7, 70, 1),
(8, 8, 80, 4),
(9, 9, 90, 1),
(10, 10, 100, 2),
(11, 11, 110, 1),
(12, 12, 120, 3),
(13, 13, 130, 1),
(14, 14, 140, 2),
(15, 15, 150, 1),
(16, 16, 160, 2),
(17, 17, 170, 1),
(18, 18, 180, 3),
(19, 19, 190, 1),
(20, 20, 200, 2),
(21, 21, 5, 1),
(22, 22, 15, 2),
(23, 23, 25, 1),
(24, 24, 35, 3),
(25, 25, 45, 1),
(26, 26, 55, 2),
(27, 27, 65, 1),
(28, 28, 75, 4),
(29, 29, 85, 1),
(30, 30, 95, 2),
(31, 31, 105, 1),
(32, 32, 115, 3),
(33, 33, 125, 1),
(34, 34, 135, 2),
(35, 35, 145, 1),
(36, 36, 155, 2),
(37, 37, 165, 1),
(38, 38, 175, 3),
(39, 39, 185, 1),
(40, 40, 195, 2),
(41, 41, 1, 1),
(42, 42, 11, 2),
(43, 43, 21, 1),
(44, 44, 31, 3),
(45, 45, 41, 1),
(46, 46, 51, 2),
(47, 47, 61, 1),
(48, 48, 71, 4),
(49, 49, 81, 1),
(50, 50, 91, 2),
(51, 51, 101, 1),
(52, 52, 111, 3),
(53, 53, 121, 1),
(54, 54, 131, 2),
(55, 55, 141, 1),
(56, 56, 151, 2),
(57, 57, 161, 1),
(58, 58, 171, 3),
(59, 59, 181, 1),
(60, 60, 191, 2),
(61, 61, 2, 1),
(62, 62, 12, 2),
(63, 63, 22, 1),
(64, 64, 32, 3),
(65, 65, 42, 1),
(66, 66, 52, 2),
(67, 67, 62, 1),
(68, 68, 72, 4),
(69, 69, 82, 1),
(70, 70, 92, 2),
(71, 71, 102, 1),
(72, 72, 112, 3),
(73, 73, 122, 1),
(74, 74, 132, 2),
(75, 75, 142, 1),
(76, 76, 152, 2),
(77, 77, 162, 1),
(78, 78, 172, 3),
(79, 79, 182, 1),
(80, 80, 192, 2),
(81, 81, 3, 1),
(82, 82, 13, 2),
(83, 83, 23, 1),
(84, 84, 33, 3),
(85, 85, 43, 1),
(86, 86, 53, 2),
(87, 87, 63, 1),
(88, 88, 73, 4),
(89, 89, 83, 1),
(90, 90, 93, 2),
(91, 91, 103, 1),
(92, 92, 113, 3),
(93, 93, 123, 1),
(94, 94, 133, 2),
(95, 95, 143, 1),
(96, 96, 153, 2),
(97, 97, 163, 1),
(98, 98, 173, 3),
(99, 99, 183, 1),
(100, 100, 193, 2),
(101, 101, 4, 1),
(102, 102, 14, 2),
(103, 103, 24, 1),
(104, 104, 34, 3),
(105, 105, 44, 1),
(106, 106, 54, 2),
(107, 107, 64, 1),
(108, 108, 74, 4),
(109, 109, 84, 1),
(110, 110, 94, 2),
(111, 111, 104, 1),
(112, 112, 114, 3),
(113, 113, 124, 1),
(114, 114, 134, 2),
(115, 115, 144, 1),
(116, 116, 154, 2),
(117, 117, 164, 1),
(118, 118, 174, 3),
(119, 119, 184, 1),
(120, 120, 194, 2),
(121, 121, 5, 1),
(122, 122, 15, 2),
(123, 123, 25, 1),
(124, 124, 35, 3),
(125, 125, 45, 1),
(126, 126, 55, 2),
(127, 127, 65, 1),
(128, 128, 75, 4),
(129, 129, 85, 1),
(130, 130, 95, 2),
(131, 131, 105, 1),
(132, 132, 115, 3),
(133, 133, 125, 1),
(134, 134, 135, 2),
(135, 135, 145, 1),
(136, 136, 155, 2),
(137, 137, 165, 1),
(138, 138, 175, 3),
(139, 139, 185, 1),
(140, 140, 195, 2),
(141, 141, 6, 1),
(142, 142, 16, 2),
(143, 143, 26, 1),
(144, 144, 36, 3),
(145, 145, 46, 1),
(146, 146, 56, 2),
(147, 147, 66, 1),
(148, 148, 76, 4),
(149, 149, 86, 1),
(150, 150, 96, 2),
(151, 151, 106, 1),
(152, 152, 116, 3),
(153, 153, 126, 1),
(154, 154, 136, 2),
(155, 155, 146, 1),
(156, 156, 156, 2),
(157, 157, 166, 1),
(158, 158, 176, 3),
(159, 159, 186, 1),
(160, 160, 196, 2),
(161, 161, 7, 1),
(162, 162, 17, 2),
(163, 163, 27, 1),
(164, 164, 37, 3),
(165, 165, 47, 1),
(166, 166, 57, 2),
(167, 167, 67, 1),
(168, 168, 77, 4),
(169, 169, 87, 1),
(170, 170, 97, 2),
(171, 171, 107, 1),
(172, 172, 117, 3),
(173, 173, 127, 1),
(174, 174, 137, 2),
(175, 175, 147, 1),
(176, 176, 157, 2),
(177, 177, 167, 1),
(178, 178, 177, 3),
(179, 179, 187, 1),
(180, 180, 197, 2),
(181, 181, 8, 1),
(182, 182, 18, 2),
(183, 183, 28, 1),
(184, 184, 38, 3),
(185, 185, 48, 1),
(186, 186, 58, 2),
(187, 187, 68, 1),
(188, 188, 78, 4),
(189, 189, 88, 1),
(190, 190, 98, 2),
(191, 191, 108, 1),
(192, 192, 118, 3),
(193, 193, 128, 1),
(194, 194, 138, 2),
(195, 195, 148, 1),
(196, 196, 158, 2),
(197, 197, 168, 1),
(198, 198, 178, 3),
(199, 199, 188, 1),
(200, 200, 198, 2);
select*from CartItems ;

CREATE TABLE Coupons (CouponID INT PRIMARY KEY,CouponCode VARCHAR(50),DiscountPercent DECIMAL(5,2));
INSERT INTO Coupons (CouponID, CouponCode, DiscountPercent) VALUES
(1, 'SAVE5', 5.00),
(2, 'SAVE10', 10.00),
(3, 'WELCOME15', 15.00),
(4, 'FLAT20', 20.00),
(5, 'SUPER25', 25.00),
(6, 'DEAL5', 5.00),
(7, 'DEAL10', 10.00),
(8, 'OFFER15', 15.00),
(9, 'OFFER20', 20.00),
(10, 'OFFER25', 25.00),
(11, 'NEW5', 5.00),
(12, 'NEW10', 10.00),
(13, 'NEW15', 15.00),
(14, 'NEW20', 20.00),
(15, 'NEW25', 25.00),
(16, 'SALE5', 5.00),
(17, 'SALE10', 10.00),
(18, 'SALE15', 15.00),
(19, 'SALE20', 20.00),
(20, 'SALE25', 25.00),
(21, 'DISC5', 5.00),
(22, 'DISC10', 10.00),
(23, 'DISC15', 15.00),
(24, 'DISC20', 20.00),
(25, 'DISC25', 25.00),
(26, 'MEGA5', 5.00),
(27, 'MEGA10', 10.00),
(28, 'MEGA15', 15.00),
(29, 'MEGA20', 20.00),
(30, 'MEGA25', 25.00),
(31, 'HOT5', 5.00),
(32, 'HOT10', 10.00),
(33, 'HOT15', 15.00),
(34, 'HOT20', 20.00),
(35, 'HOT25', 25.00),
(36, 'BASIC5', 5.00),
(37, 'BASIC10', 10.00),
(38, 'BASIC15', 15.00),
(39, 'BASIC20', 20.00),
(40, 'BASIC25', 25.00),
(41, 'WOW5', 5.00),
(42, 'WOW10', 10.00),
(43, 'WOW15', 15.00),
(44, 'WOW20', 20.00),
(45, 'WOW25', 25.00),
(46, 'FAST5', 5.00),
(47, 'FAST10', 10.00),
(48, 'FAST15', 15.00),
(49, 'FAST20', 20.00),
(50, 'FAST25', 25.00),
(51, 'SUPERDEAL5', 5.00),
(52, 'SUPERDEAL10', 10.00),
(53, 'SUPERDEAL15', 15.00),
(54, 'SUPERDEAL20', 20.00),
(55, 'SUPERDEAL25', 25.00),
(56, 'BIGSAVE5', 5.00),
(57, 'BIGSAVE10', 10.00),
(58, 'BIGSAVE15', 15.00),
(59, 'BIGSAVE20', 20.00),
(60, 'BIGSAVE25', 25.00),
(61, 'WIN5', 5.00),
(62, 'WIN10', 10.00),
(63, 'WIN15', 15.00),
(64, 'WIN20', 20.00),
(65, 'WIN25', 25.00),
(66, 'LUCKY5', 5.00),
(67, 'LUCKY10', 10.00),
(68, 'LUCKY15', 15.00),
(69, 'LUCKY20', 20.00),
(70, 'LUCKY25', 25.00),
(71, 'FEST5', 5.00),
(72, 'FEST10', 10.00),
(73, 'FEST15', 15.00),
(74, 'FEST20', 20.00),
(75, 'FEST25', 25.00),
(76, 'HOLI5', 5.00),
(77, 'HOLI10', 10.00),
(78, 'HOLI15', 15.00),
(79, 'HOLI20', 20.00),
(80, 'HOLI25', 25.00),
(81, 'DIWALI5', 5.00),
(82, 'DIWALI10', 10.00),
(83, 'DIWALI15', 15.00),
(84, 'DIWALI20', 20.00),
(85, 'DIWALI25', 25.00),
(86, 'XMAS5', 5.00),
(87, 'XMAS10', 10.00),
(88, 'XMAS15', 15.00),
(89, 'XMAS20', 20.00),
(90, 'XMAS25', 25.00),
(91, 'SPRING5', 5.00),
(92, 'SPRING10', 10.00),
(93, 'SPRING15', 15.00),
(94, 'SPRING20', 20.00),
(95, 'SPRING25', 25.00),
(96, 'SUMMER5', 5.00),
(97, 'SUMMER10', 10.00),
(98, 'SUMMER15', 15.00),
(99, 'SUMMER20', 20.00),
(100, 'SUMMER25', 25.00),
(101, 'WINTER5', 5.00),
(102, 'WINTER10', 10.00),
(103, 'WINTER15', 15.00),
(104, 'WINTER20', 20.00),
(105, 'WINTER25', 25.00),
(106, 'FLASH5', 5.00),
(107, 'FLASH10', 10.00),
(108, 'FLASH15', 15.00),
(109, 'FLASH20', 20.00),
(110, 'FLASH25', 25.00),
(111, 'LIMITED5', 5.00),
(112, 'LIMITED10', 10.00),
(113, 'LIMITED15', 15.00),
(114, 'LIMITED20', 20.00),
(115, 'LIMITED25', 25.00),
(116, 'VIP5', 5.00),
(117, 'VIP10', 10.00),
(118, 'VIP15', 15.00),
(119, 'VIP20', 20.00),
(120, 'VIP25', 25.00),
(121, 'GOLD5', 5.00),
(122, 'GOLD10', 10.00),
(123, 'GOLD15', 15.00),
(124, 'GOLD20', 20.00),
(125, 'GOLD25', 25.00),
(126, 'SILVER5', 5.00),
(127, 'SILVER10', 10.00),
(128, 'SILVER15', 15.00),
(129, 'SILVER20', 20.00),
(130, 'SILVER25', 25.00),
(131, 'BRONZE5', 5.00),
(132, 'BRONZE10', 10.00),
(133, 'BRONZE15', 15.00),
(134, 'BRONZE20', 20.00),
(135, 'BRONZE25', 25.00),
(136, 'EARLY5', 5.00),
(137, 'EARLY10', 10.00),
(138, 'EARLY15', 15.00),
(139, 'EARLY20', 20.00),
(140, 'EARLY25', 25.00),
(141, 'LATE5', 5.00),
(142, 'LATE10', 10.00),
(143, 'LATE15', 15.00),
(144, 'LATE20', 20.00),
(145, 'LATE25', 25.00),
(146, 'SPECIAL5', 5.00),
(147, 'SPECIAL10', 10.00),
(148, 'SPECIAL15', 15.00),
(149, 'SPECIAL20', 20.00),
(150, 'SPECIAL25', 25.00),
(151, 'EXTRA5', 5.00),
(152, 'EXTRA10', 10.00),
(153, 'EXTRA15', 15.00),
(154, 'EXTRA20', 20.00),
(155, 'EXTRA25', 25.00),
(156, 'MEGADEAL5', 5.00),
(157, 'MEGADEAL10', 10.00),
(158, 'MEGADEAL15', 15.00),
(159, 'MEGADEAL20', 20.00),
(160, 'MEGADEAL25', 25.00),
(161, 'FLASHSALE5', 5.00),
(162, 'FLASHSALE10', 10.00),
(163, 'FLASHSALE15', 15.00),
(164, 'FLASHSALE20', 20.00),
(165, 'FLASHSALE25', 25.00),
(166, 'ULTIMATE5', 5.00),
(167, 'ULTIMATE10', 10.00),
(168, 'ULTIMATE15', 15.00),
(169, 'ULTIMATE20', 20.00),
(170, 'ULTIMATE25', 25.00),
(171, 'ROYAL5', 5.00),
(172, 'ROYAL10', 10.00),
(173, 'ROYAL15', 15.00),
(174, 'ROYAL20', 20.00),
(175, 'ROYAL25', 25.00),
(176, 'PREMIUM5', 5.00),
(177, 'PREMIUM10', 10.00),
(178, 'PREMIUM15', 15.00),
(179, 'PREMIUM20', 20.00),
(180, 'PREMIUM25', 25.00),
(181, 'FESTIVE5', 5.00),
(182, 'FESTIVE10', 10.00),
(183, 'FESTIVE15', 15.00),
(184, 'FESTIVE20', 20.00),
(185, 'FESTIVE25', 25.00),
(186, 'MEGAOFFER5', 5.00),
(187, 'MEGAOFFER10', 10.00),
(188, 'MEGAOFFER15', 15.00),
(189, 'MEGAOFFER20', 20.00),
(190, 'MEGAOFFER25', 25.00),
(191, 'SUPERWEEK5', 5.00),
(192, 'SUPERWEEK10', 10.00),
(193, 'SUPERWEEK15', 15.00),
(194, 'SUPERWEEK20', 20.00),
(195, 'SUPERWEEK25', 25.00),
(196, 'FINAL5', 5.00),
(197, 'FINAL10', 10.00),
(198, 'FINAL15', 15.00),
(199, 'FINAL20', 20.00),
(200, 'FINAL25', 25.00);
select*from coupons;

CREATE TABLE Returns (ReturnID INT PRIMARY KEY,OrderID INT,Reason VARCHAR(255),FOREIGN KEY (OrderID) REFERENCES Orders(OrderID));
INSERT INTO Returns (ReturnID, OrderID, Reason) VALUES
(1, 3, 'Damaged product'),
(2, 7, 'Wrong item delivered'),
(3, 12, 'Late delivery'),
(4, 18, 'Not as described'),
(5, 25, 'Size issue'),
(6, 31, 'Quality issue'),
(7, 38, 'Damaged product'),
(8, 44, 'Wrong item delivered'),
(9, 50, 'Customer changed mind'),
(10, 57, 'Late delivery'),
(11, 63, 'Defective product'),
(12, 70, 'Not satisfied'),
(13, 76, 'Wrong color'),
(14, 82, 'Damaged packaging'),
(15, 88, 'Size mismatch'),
(16, 95, 'Product missing parts'),
(17, 101, 'Damaged product'),
(18, 108, 'Wrong item delivered'),
(19, 115, 'Late delivery'),
(20, 121, 'Quality issue'),
(21, 128, 'Customer changed mind'),
(22, 134, 'Defective product'),
(23, 140, 'Not as described'),
(24, 146, 'Wrong size'),
(25, 152, 'Damaged product'),
(26, 159, 'Late delivery'),
(27, 165, 'Quality issue'),
(28, 171, 'Wrong item delivered'),
(29, 178, 'Not satisfied'),
(30, 185, 'Damaged product'),
(31, 190, 'Customer changed mind'),
(32, 195, 'Defective product'),
(33, 198, 'Wrong color'),
(34, 2, 'Late delivery'),
(35, 6, 'Size issue'),
(36, 9, 'Damaged product'),
(37, 14, 'Wrong item delivered'),
(38, 20, 'Quality issue'),
(39, 23, 'Not as described'),
(40, 28, 'Customer changed mind'),
(41, 33, 'Defective product'),
(42, 36, 'Wrong size'),
(43, 41, 'Damaged packaging'),
(44, 46, 'Late delivery'),
(45, 49, 'Quality issue'),
(46, 54, 'Wrong item delivered'),
(47, 59, 'Not satisfied'),
(48, 62, 'Customer changed mind'),
(49, 67, 'Defective product'),
(50, 72, 'Damaged product'),
(51, 75, 'Wrong color'),
(52, 80, 'Late delivery'),
(53, 84, 'Quality issue'),
(54, 87, 'Wrong item delivered'),
(55, 92, 'Not as described'),
(56, 97, 'Customer changed mind'),
(57, 100, 'Damaged product'),
(58, 103, 'Defective product'),
(59, 106, 'Wrong size'),
(60, 111, 'Late delivery'),
(61, 116, 'Quality issue'),
(62, 119, 'Wrong item delivered'),
(63, 124, 'Not satisfied'),
(64, 129, 'Customer changed mind'),
(65, 132, 'Damaged packaging'),
(66, 137, 'Defective product'),
(67, 142, 'Wrong color'),
(68, 145, 'Late delivery'),
(69, 150, 'Quality issue'),
(70, 155, 'Wrong item delivered'),
(71, 158, 'Not as described'),
(72, 163, 'Customer changed mind'),
(73, 166, 'Damaged product'),
(74, 169, 'Defective product'),
(75, 174, 'Wrong size'),
(76, 177, 'Late delivery'),
(77, 182, 'Quality issue'),
(78, 187, 'Wrong item delivered'),
(79, 190, 'Not satisfied'),
(80, 193, 'Customer changed mind'),
(81, 196, 'Damaged product'),
(82, 199, 'Defective product'),
(83, 1, 'Wrong item delivered'),
(84, 4, 'Late delivery'),
(85, 8, 'Quality issue'),
(86, 11, 'Not as described'),
(87, 15, 'Customer changed mind'),
(88, 19, 'Wrong color'),
(89, 22, 'Damaged packaging'),
(90, 26, 'Defective product'),
(91, 29, 'Late delivery'),
(92, 34, 'Quality issue'),
(93, 37, 'Wrong item delivered'),
(94, 40, 'Not satisfied'),
(95, 43, 'Customer changed mind'),
(96, 47, 'Damaged product'),
(97, 52, 'Defective product'),
(98, 55, 'Wrong size'),
(99, 58, 'Late delivery'),
(100, 61, 'Quality issue'),
(101, 64, 'Wrong item delivered'),
(102, 68, 'Not as described'),
(103, 71, 'Customer changed mind'),
(104, 74, 'Damaged product'),
(105, 78, 'Defective product'),
(106, 81, 'Wrong color'),
(107, 85, 'Late delivery'),
(108, 89, 'Quality issue'),
(109, 93, 'Wrong item delivered'),
(110, 96, 'Not satisfied'),
(111, 99, 'Customer changed mind'),
(112, 102, 'Damaged product'),
(113, 104, 'Defective product'),
(114, 107, 'Wrong size'),
(115, 110, 'Late delivery'),
(116, 113, 'Quality issue'),
(117, 117, 'Wrong item delivered'),
(118, 120, 'Not as described'),
(119, 123, 'Customer changed mind'),
(120, 126, 'Damaged packaging'),
(121, 130, 'Defective product'),
(122, 133, 'Wrong color'),
(123, 136, 'Late delivery'),
(124, 139, 'Quality issue'),
(125, 141, 'Wrong item delivered'),
(126, 144, 'Not satisfied'),
(127, 147, 'Customer changed mind'),
(128, 149, 'Damaged product'),
(129, 151, 'Defective product'),
(130, 154, 'Wrong size'),
(131, 157, 'Late delivery'),
(132, 160, 'Quality issue'),
(133, 162, 'Wrong item delivered'),
(134, 165, 'Not as described'),
(135, 168, 'Customer changed mind'),
(136, 170, 'Damaged product'),
(137, 173, 'Defective product'),
(138, 175, 'Wrong color'),
(139, 178, 'Late delivery'),
(140, 180, 'Quality issue'),
(141, 183, 'Wrong item delivered'),
(142, 186, 'Not satisfied'),
(143, 188, 'Customer changed mind'),
(144, 191, 'Damaged product'),
(145, 194, 'Defective product'),
(146, 197, 'Wrong size'),
(147, 198, 'Late delivery'),
(148, 2, 'Quality issue'),
(149, 5, 'Wrong item delivered'),
(150, 9, 'Not as described'),
(151, 13, 'Customer changed mind'),
(152, 16, 'Damaged product'),
(153, 21, 'Defective product'),
(154, 24, 'Wrong color'),
(155, 27, 'Late delivery'),
(156, 30, 'Quality issue'),
(157, 32, 'Wrong item delivered'),
(158, 35, 'Not satisfied'),
(159, 39, 'Customer changed mind'),
(160, 42, 'Damaged packaging'),
(161, 45, 'Defective product'),
(162, 48, 'Wrong size'),
(163, 51, 'Late delivery'),
(164, 53, 'Quality issue'),
(165, 56, 'Wrong item delivered'),
(166, 60, 'Not as described'),
(167, 65, 'Customer changed mind'),
(168, 66, 'Damaged product'),
(169, 69, 'Defective product'),
(170, 73, 'Wrong color'),
(171, 75, 'Late delivery'),
(172, 77, 'Quality issue'),
(173, 79, 'Wrong item delivered'),
(174, 83, 'Not satisfied'),
(175, 86, 'Customer changed mind'),
(176, 90, 'Damaged product'),
(177, 94, 'Defective product'),
(178, 98, 'Wrong size'),
(179, 100, 'Late delivery'),
(180, 105, 'Quality issue'),
(181, 109, 'Wrong item delivered'),
(182, 112, 'Not as described'),
(183, 114, 'Customer changed mind'),
(184, 118, 'Damaged product'),
(185, 122, 'Defective product'),
(186, 125, 'Wrong color'),
(187, 127, 'Late delivery'),
(188, 131, 'Quality issue'),
(189, 134, 'Wrong item delivered'),
(190, 138, 'Not satisfied'),
(191, 140, 'Customer changed mind'),
(192, 143, 'Damaged product'),
(193, 146, 'Defective product'),
(194, 148, 'Wrong size'),
(195, 150, 'Late delivery'),
(196, 153, 'Quality issue'),
(197, 155, 'Wrong item delivered'),
(198, 158, 'Not as described'),
(199, 160, 'Customer changed mind'),
(200, 162, 'Damaged product');
select*from Returns;

CREATE TABLE Employees (EmployeeID INT PRIMARY KEY,EmployeeName VARCHAR(100),Department VARCHAR(100));
INSERT INTO Employees (EmployeeID, EmployeeName, Department) VALUES
(1, 'Arun Kumar', 'Sales'),
(2, 'Priya Sharma', 'HR'),
(3, 'Vikram Singh', 'IT'),
(4, 'Meena Reddy', 'Finance'),
(5, 'Karthik Raj', 'Marketing'),
(6, 'Divya Nair', 'Sales'),
(7, 'Suresh Babu', 'IT'),
(8, 'Anjali Menon', 'HR'),
(9, 'Rahul Das', 'Finance'),
(10, 'Sneha Iyer', 'Marketing'),
(11, 'Manoj Kumar', 'Sales'),
(12, 'Lakshmi Devi', 'HR'),
(13, 'Arvind Kumar', 'IT'),
(14, 'Kavya Ramesh', 'Finance'),
(15, 'Ravi Teja', 'Marketing'),
(16, 'Nisha Paul', 'Sales'),
(17, 'Sanjay Kumar', 'IT'),
(18, 'Pooja Sharma', 'HR'),
(19, 'Harish Rao', 'Finance'),
(20, 'Swathi Nair', 'Marketing'),
(21, 'Amit Verma', 'Sales'),
(22, 'Deepa Nair', 'HR'),
(23, 'Ramesh Kumar', 'IT'),
(24, 'Geetha Lakshmi', 'Finance'),
(25, 'Vishnu Prasad', 'Marketing'),
(26, 'Arjun Menon', 'Sales'),
(27, 'Snehalatha', 'HR'),
(28, 'Ganesh Kumar', 'IT'),
(29, 'Rekha Devi', 'Finance'),
(30, 'Balaji Rao', 'Marketing'),
(31, 'Mohan Raj', 'Sales'),
(32, 'Shalini Sharma', 'HR'),
(33, 'Kiran Kumar', 'IT'),
(34, 'Divakar Reddy', 'Finance'),
(35, 'Sangeetha', 'Marketing'),
(36, 'Praveen Kumar', 'Sales'),
(37, 'Keerthi Nair', 'HR'),
(38, 'Yogesh Kumar', 'IT'),
(39, 'Padma Priya', 'Finance'),
(40, 'Hari Prasad', 'Marketing'),
(41, 'Sathish Kumar', 'Sales'),
(42, 'Bhavani Devi', 'HR'),
(43, 'Dinesh Kumar', 'IT'),
(44, 'Meera Nair', 'Finance'),
(45, 'Naveen Kumar', 'Marketing'),
(46, 'Gokul Raj', 'Sales'),
(47, 'Radhika Menon', 'HR'),
(48, 'Sathya Narayanan', 'IT'),
(49, 'Lavanya', 'Finance'),
(50, 'Vignesh', 'Marketing'),
(51, 'Arun Prakash', 'Sales'),
(52, 'Swetha Reddy', 'HR'),
(53, 'Kumaravel', 'IT'),
(54, 'Shanthi Devi', 'Finance'),
(55, 'Manikandan', 'Marketing'),
(56, 'Vasanth Kumar', 'Sales'),
(57, 'Revathi', 'HR'),
(58, 'Prabhu', 'IT'),
(59, 'Anitha', 'Finance'),
(60, 'Karthikeyan', 'Marketing'),
(61, 'Saravanan', 'Sales'),
(62, 'Nithya', 'HR'),
(63, 'Bala Murugan', 'IT'),
(64, 'Suganya', 'Finance'),
(65, 'Aravind', 'Marketing'),
(66, 'Murugan', 'Sales'),
(67, 'Sowmya', 'HR'),
(68, 'Siva Kumar', 'IT'),
(69, 'Priyanka', 'Finance'),
(70, 'Senthil', 'Marketing'),
(71, 'Rohit Kumar', 'Sales'),
(72, 'Aishwarya', 'HR'),
(73, 'Karthikeya', 'IT'),
(74, 'Divya Bharathi', 'Finance'),
(75, 'Vijay Kumar', 'Marketing'),
(76, 'Ganesh', 'Sales'),
(77, 'Madhavi', 'HR'),
(78, 'Prakash', 'IT'),
(79, 'Kavitha', 'Finance'),
(80, 'Manikanta', 'Marketing'),
(81, 'Lokesh', 'Sales'),
(82, 'Revathy', 'HR'),
(83, 'Santhosh', 'IT'),
(84, 'Gayathri', 'Finance'),
(85, 'Arjun', 'Marketing'),
(86, 'Hariharan', 'Sales'),
(87, 'Lakshmi', 'HR'),
(88, 'Pradeep', 'IT'),
(89, 'Sridevi', 'Finance'),
(90, 'Muthu Kumar', 'Marketing'),
(91, 'Bharath', 'Sales'),
(92, 'Keerthana', 'HR'),
(93, 'Ajith', 'IT'),
(94, 'Divakar', 'Finance'),
(95, 'Naveena', 'Marketing'),
(96, 'Ranjith', 'Sales'),
(97, 'Bhargavi', 'HR'),
(98, 'Saran', 'IT'),
(99, 'Priya Dharshini', 'Finance'),
(100, 'Kavin', 'Marketing'),
(101, 'Arun', 'Sales'),
(102, 'Priya', 'HR'),
(103, 'Vikram', 'IT'),
(104, 'Meena', 'Finance'),
(105, 'Karthik', 'Marketing'),
(106, 'Divya', 'Sales'),
(107, 'Suresh', 'IT'),
(108, 'Anjali', 'HR'),
(109, 'Rahul', 'Finance'),
(110, 'Sneha', 'Marketing'),
(111, 'Manoj', 'Sales'),
(112, 'Lakshmi', 'HR'),
(113, 'Arvind', 'IT'),
(114, 'Kavya', 'Finance'),
(115, 'Ravi', 'Marketing'),
(116, 'Nisha', 'Sales'),
(117, 'Sanjay', 'IT'),
(118, 'Pooja', 'HR'),
(119, 'Harish', 'Finance'),
(120, 'Swathi', 'Marketing'),
(121, 'Amit', 'Sales'),
(122, 'Deepa', 'HR'),
(123, 'Ramesh', 'IT'),
(124, 'Geetha', 'Finance'),
(125, 'Vishnu', 'Marketing'),
(126, 'Arjun', 'Sales'),
(127, 'Sneha', 'HR'),
(128, 'Ganesh', 'IT'),
(129, 'Rekha', 'Finance'),
(130, 'Balaji', 'Marketing'),
(131, 'Mohan', 'Sales'),
(132, 'Shalini', 'HR'),
(133, 'Kiran', 'IT'),
(134, 'Divakar', 'Finance'),
(135, 'Sangeetha', 'Marketing'),
(136, 'Praveen', 'Sales'),
(137, 'Keerthi', 'HR'),
(138, 'Yogesh', 'IT'),
(139, 'Padma', 'Finance'),
(140, 'Hari', 'Marketing'),
(141, 'Sathish', 'Sales'),
(142, 'Bhavani', 'HR'),
(143, 'Dinesh', 'IT'),
(144, 'Meera', 'Finance'),
(145, 'Naveen', 'Marketing'),
(146, 'Gokul', 'Sales'),
(147, 'Radhika', 'HR'),
(148, 'Sathya', 'IT'),
(149, 'Lavanya', 'Finance'),
(150, 'Vignesh', 'Marketing'),
(151, 'Arun', 'Sales'),
(152, 'Swetha', 'HR'),
(153, 'Kumar', 'IT'),
(154, 'Shanthi', 'Finance'),
(155, 'Mani', 'Marketing'),
(156, 'Vasanth', 'Sales'),
(157, 'Revathi', 'HR'),
(158, 'Prabhu', 'IT'),
(159, 'Anitha', 'Finance'),
(160, 'Karthikeyan', 'Marketing'),
(161, 'Saravanan', 'Sales'),
(162, 'Nithya', 'HR'),
(163, 'Bala', 'IT'),
(164, 'Suganya', 'Finance'),
(165, 'Aravind', 'Marketing'),
(166, 'Murugan', 'Sales'),
(167, 'Sowmya', 'HR'),
(168, 'Siva', 'IT'),
(169, 'Priyanka', 'Finance'),
(170, 'Senthil', 'Marketing'),
(171, 'Rohit', 'Sales'),
(172, 'Aishwarya', 'HR'),
(173, 'Karthikeya', 'IT'),
(174, 'Divya', 'Finance'),
(175, 'Vijay', 'Marketing'),
(176, 'Ganesh', 'Sales'),
(177, 'Madhavi', 'HR'),
(178, 'Prakash', 'IT'),
(179, 'Kavitha', 'Finance'),
(180, 'Manikanta', 'Marketing'),
(181, 'Lokesh', 'Sales'),
(182, 'Revathy', 'HR'),
(183, 'Santhosh', 'IT'),
(184, 'Gayathri', 'Finance'),
(185, 'Arjun', 'Marketing'),
(186, 'Hari', 'Sales'),
(187, 'Lakshmi', 'HR'),
(188, 'Pradeep', 'IT'),
(189, 'Sridevi', 'Finance'),
(190, 'Muthu', 'Marketing'),
(191, 'Bharath', 'Sales'),
(192, 'Keerthana', 'HR'),
(193, 'Ajith', 'IT'),
(194, 'Divakar', 'Finance'),
(195, 'Naveena', 'Marketing'),
(196, 'Ranjith', 'Sales'),
(197, 'Bhargavi', 'HR'),
(198, 'Saran', 'IT'),
(199, 'Priya', 'Finance'),
(200, 'Kavin', 'Marketing');
select*from Employees;

CREATE TABLE ProductImages (ImageID INT PRIMARY KEY,ProductID INT,ImageURL VARCHAR(255),FOREIGN KEY (ProductID) REFERENCES Products(ProductID));
INSERT INTO ProductImages (ImageID, ProductID, ImageURL) VALUES
(1, 1, 'https://example.com/images/product1_img1.jpg'),
(2, 2, 'https://example.com/images/product2_img1.jpg'),
(3, 3, 'https://example.com/images/product3_img1.jpg'),
(4, 4, 'https://example.com/images/product4_img1.jpg'),
(5, 5, 'https://example.com/images/product5_img1.jpg'),
(6, 6, 'https://example.com/images/product6_img1.jpg'),
(7, 7, 'https://example.com/images/product7_img1.jpg'),
(8, 8, 'https://example.com/images/product8_img1.jpg'),
(9, 9, 'https://example.com/images/product9_img1.jpg'),
(10, 10, 'https://example.com/images/product10_img1.jpg'),
(11, 11, 'https://example.com/images/product11_img1.jpg'),
(12, 12, 'https://example.com/images/product12_img1.jpg'),
(13, 13, 'https://example.com/images/product13_img1.jpg'),
(14, 14, 'https://example.com/images/product14_img1.jpg'),
(15, 15, 'https://example.com/images/product15_img1.jpg'),
(16, 16, 'https://example.com/images/product16_img1.jpg'),
(17, 17, 'https://example.com/images/product17_img1.jpg'),
(18, 18, 'https://example.com/images/product18_img1.jpg'),
(19, 19, 'https://example.com/images/product19_img1.jpg'),
(20, 20, 'https://example.com/images/product20_img1.jpg'),
(21, 21, 'https://example.com/images/product21_img1.jpg'),
(22, 22, 'https://example.com/images/product22_img1.jpg'),
(23, 23, 'https://example.com/images/product23_img1.jpg'),
(24, 24, 'https://example.com/images/product24_img1.jpg'),
(25, 25, 'https://example.com/images/product25_img1.jpg'),
(26, 26, 'https://example.com/images/product26_img1.jpg'),
(27, 27, 'https://example.com/images/product27_img1.jpg'),
(28, 28, 'https://example.com/images/product28_img1.jpg'),
(29, 29, 'https://example.com/images/product29_img1.jpg'),
(30, 30, 'https://example.com/images/product30_img1.jpg'),
(31, 31, 'https://example.com/images/product31_img1.jpg'),
(32, 32, 'https://example.com/images/product32_img1.jpg'),
(33, 33, 'https://example.com/images/product33_img1.jpg'),
(34, 34, 'https://example.com/images/product34_img1.jpg'),
(35, 35, 'https://example.com/images/product35_img1.jpg'),
(36, 36, 'https://example.com/images/product36_img1.jpg'),
(37, 37, 'https://example.com/images/product37_img1.jpg'),
(38, 38, 'https://example.com/images/product38_img1.jpg'),
(39, 39, 'https://example.com/images/product39_img1.jpg'),
(40, 40, 'https://example.com/images/product40_img1.jpg'),
(41, 41, 'https://example.com/images/product41_img1.jpg'),
(42, 42, 'https://example.com/images/product42_img1.jpg'),
(43, 43, 'https://example.com/images/product43_img1.jpg'),
(44, 44, 'https://example.com/images/product44_img1.jpg'),
(45, 45, 'https://example.com/images/product45_img1.jpg'),
(46, 46, 'https://example.com/images/product46_img1.jpg'),
(47, 47, 'https://example.com/images/product47_img1.jpg'),
(48, 48, 'https://example.com/images/product48_img1.jpg'),
(49, 49, 'https://example.com/images/product49_img1.jpg'),
(50, 50, 'https://example.com/images/product50_img1.jpg'),
(51, 51, 'https://example.com/images/product51_img1.jpg'),
(52, 52, 'https://example.com/images/product52_img1.jpg'),
(53, 53, 'https://example.com/images/product53_img1.jpg'),
(54, 54, 'https://example.com/images/product54_img1.jpg'),
(55, 55, 'https://example.com/images/product55_img1.jpg'),
(56, 56, 'https://example.com/images/product56_img1.jpg'),
(57, 57, 'https://example.com/images/product57_img1.jpg'),
(58, 58, 'https://example.com/images/product58_img1.jpg'),
(59, 59, 'https://example.com/images/product59_img1.jpg'),
(60, 60, 'https://example.com/images/product60_img1.jpg'),
(61, 61, 'https://example.com/images/product61_img1.jpg'),
(62, 62, 'https://example.com/images/product62_img1.jpg'),
(63, 63, 'https://example.com/images/product63_img1.jpg'),
(64, 64, 'https://example.com/images/product64_img1.jpg'),
(65, 65, 'https://example.com/images/product65_img1.jpg'),
(66, 66, 'https://example.com/images/product66_img1.jpg'),
(67, 67, 'https://example.com/images/product67_img1.jpg'),
(68, 68, 'https://example.com/images/product68_img1.jpg'),
(69, 69, 'https://example.com/images/product69_img1.jpg'),
(70, 70, 'https://example.com/images/product70_img1.jpg'),
(71, 71, 'https://example.com/images/product71_img1.jpg'),
(72, 72, 'https://example.com/images/product72_img1.jpg'),
(73, 73, 'https://example.com/images/product73_img1.jpg'),
(74, 74, 'https://example.com/images/product74_img1.jpg'),
(75, 75, 'https://example.com/images/product75_img1.jpg'),
(76, 76, 'https://example.com/images/product76_img1.jpg'),
(77, 77, 'https://example.com/images/product77_img1.jpg'),
(78, 78, 'https://example.com/images/product78_img1.jpg'),
(79, 79, 'https://example.com/images/product79_img1.jpg'),
(80, 80, 'https://example.com/images/product80_img1.jpg'),
(81, 81, 'https://example.com/images/product81_img1.jpg'),
(82, 82, 'https://example.com/images/product82_img1.jpg'),
(83, 83, 'https://example.com/images/product83_img1.jpg'),
(84, 84, 'https://example.com/images/product84_img1.jpg'),
(85, 85, 'https://example.com/images/product85_img1.jpg'),
(86, 86, 'https://example.com/images/product86_img1.jpg'),
(87, 87, 'https://example.com/images/product87_img1.jpg'),
(88, 88, 'https://example.com/images/product88_img1.jpg'),
(89, 89, 'https://example.com/images/product89_img1.jpg'),
(90, 90, 'https://example.com/images/product90_img1.jpg'),
(91, 91, 'https://example.com/images/product91_img1.jpg'),
(92, 92, 'https://example.com/images/product92_img1.jpg'),
(93, 93, 'https://example.com/images/product93_img1.jpg'),
(94, 94, 'https://example.com/images/product94_img1.jpg'),
(95, 95, 'https://example.com/images/product95_img1.jpg'),
(96, 96, 'https://example.com/images/product96_img1.jpg'),
(97, 97, 'https://example.com/images/product97_img1.jpg'),
(98, 98, 'https://example.com/images/product98_img1.jpg'),
(99, 99, 'https://example.com/images/product99_img1.jpg'),
(100, 100, 'https://example.com/images/product100_img1.jpg'),
(101, 101, 'https://example.com/images/product101_img1.jpg'),
(102, 102, 'https://example.com/images/product102_img1.jpg'),
(103, 103, 'https://example.com/images/product103_img1.jpg'),
(104, 104, 'https://example.com/images/product104_img1.jpg'),
(105, 105, 'https://example.com/images/product105_img1.jpg'),
(106, 106, 'https://example.com/images/product106_img1.jpg'),
(107, 107, 'https://example.com/images/product107_img1.jpg'),
(108, 108, 'https://example.com/images/product108_img1.jpg'),
(109, 109, 'https://example.com/images/product109_img1.jpg'),
(110, 110, 'https://example.com/images/product110_img1.jpg'),
(111, 111, 'https://example.com/images/product111_img1.jpg'),
(112, 112, 'https://example.com/images/product112_img1.jpg'),
(113, 113, 'https://example.com/images/product113_img1.jpg'),
(114, 114, 'https://example.com/images/product114_img1.jpg'),
(115, 115, 'https://example.com/images/product115_img1.jpg'),
(116, 116, 'https://example.com/images/product116_img1.jpg'),
(117, 117, 'https://example.com/images/product117_img1.jpg'),
(118, 118, 'https://example.com/images/product118_img1.jpg'),
(119, 119, 'https://example.com/images/product119_img1.jpg'),
(120, 120, 'https://example.com/images/product120_img1.jpg'),
(121, 121, 'https://example.com/images/product121_img1.jpg'),
(122, 122, 'https://example.com/images/product122_img1.jpg'),
(123, 123, 'https://example.com/images/product123_img1.jpg'),
(124, 124, 'https://example.com/images/product124_img1.jpg'),
(125, 125, 'https://example.com/images/product125_img1.jpg'),
(126, 126, 'https://example.com/images/product126_img1.jpg'),
(127, 127, 'https://example.com/images/product127_img1.jpg'),
(128, 128, 'https://example.com/images/product128_img1.jpg'),
(129, 129, 'https://example.com/images/product129_img1.jpg'),
(130, 130, 'https://example.com/images/product130_img1.jpg'),
(131, 131, 'https://example.com/images/product131_img1.jpg'),
(132, 132, 'https://example.com/images/product132_img1.jpg'),
(133, 133, 'https://example.com/images/product133_img1.jpg'),
(134, 134, 'https://example.com/images/product134_img1.jpg'),
(135, 135, 'https://example.com/images/product135_img1.jpg'),
(136, 136, 'https://example.com/images/product136_img1.jpg'),
(137, 137, 'https://example.com/images/product137_img1.jpg'),
(138, 138, 'https://example.com/images/product138_img1.jpg'),
(139, 139, 'https://example.com/images/product139_img1.jpg'),
(140, 140, 'https://example.com/images/product140_img1.jpg'),
(141, 141, 'https://example.com/images/product141_img1.jpg'),
(142, 142, 'https://example.com/images/product142_img1.jpg'),
(143, 143, 'https://example.com/images/product143_img1.jpg'),
(144, 144, 'https://example.com/images/product144_img1.jpg'),
(145, 145, 'https://example.com/images/product145_img1.jpg'),
(146, 146, 'https://example.com/images/product146_img1.jpg'),
(147, 147, 'https://example.com/images/product147_img1.jpg'),
(148, 148, 'https://example.com/images/product148_img1.jpg'),
(149, 149, 'https://example.com/images/product149_img1.jpg'),
(150, 150, 'https://example.com/images/product150_img1.jpg'),
(151, 151, 'https://example.com/images/product151_img1.jpg'),
(152, 152, 'https://example.com/images/product152_img1.jpg'),
(153, 153, 'https://example.com/images/product153_img1.jpg'),
(154, 154, 'https://example.com/images/product154_img1.jpg'),
(155, 155, 'https://example.com/images/product155_img1.jpg'),
(156, 156, 'https://example.com/images/product156_img1.jpg'),
(157, 157, 'https://example.com/images/product157_img1.jpg'),
(158, 158, 'https://example.com/images/product158_img1.jpg'),
(159, 159, 'https://example.com/images/product159_img1.jpg'),
(160, 160, 'https://example.com/images/product160_img1.jpg'),
(161, 161, 'https://example.com/images/product161_img1.jpg'),
(162, 162, 'https://example.com/images/product162_img1.jpg'),
(163, 163, 'https://example.com/images/product163_img1.jpg'),
(164, 164, 'https://example.com/images/product164_img1.jpg'),
(165, 165, 'https://example.com/images/product165_img1.jpg'),
(166, 166, 'https://example.com/images/product166_img1.jpg'),
(167, 167, 'https://example.com/images/product167_img1.jpg'),
(168, 168, 'https://example.com/images/product168_img1.jpg'),
(169, 169, 'https://example.com/images/product169_img1.jpg'),
(170, 170, 'https://example.com/images/product170_img1.jpg'),
(171, 171, 'https://example.com/images/product171_img1.jpg'),
(172, 172, 'https://example.com/images/product172_img1.jpg'),
(173, 173, 'https://example.com/images/product173_img1.jpg'),
(174, 174, 'https://example.com/images/product174_img1.jpg'),
(175, 175, 'https://example.com/images/product175_img1.jpg'),
(176, 176, 'https://example.com/images/product176_img1.jpg'),
(177, 177, 'https://example.com/images/product177_img1.jpg'),
(178, 178, 'https://example.com/images/product178_img1.jpg'),
(179, 179, 'https://example.com/images/product179_img1.jpg'),
(180, 180, 'https://example.com/images/product180_img1.jpg'),
(181, 181, 'https://example.com/images/product181_img1.jpg'),
(182, 182, 'https://example.com/images/product182_img1.jpg'),
(183, 183, 'https://example.com/images/product183_img1.jpg'),
(184, 184, 'https://example.com/images/product184_img1.jpg'),
(185, 185, 'https://example.com/images/product185_img1.jpg'),
(186, 186, 'https://example.com/images/product186_img1.jpg'),
(187, 187, 'https://example.com/images/product187_img1.jpg'),
(188, 188, 'https://example.com/images/product188_img1.jpg'),
(189, 189, 'https://example.com/images/product189_img1.jpg'),
(190, 190, 'https://example.com/images/product190_img1.jpg'),
(191, 191, 'https://example.com/images/product191_img1.jpg'),
(192, 192, 'https://example.com/images/product192_img1.jpg'),
(193, 193, 'https://example.com/images/product193_img1.jpg'),
(194, 194, 'https://example.com/images/product194_img1.jpg'),
(195, 195, 'https://example.com/images/product195_img1.jpg'),
(196, 196, 'https://example.com/images/product196_img1.jpg'),
(197, 197, 'https://example.com/images/product197_img1.jpg'),
(198, 198, 'https://example.com/images/product198_img1.jpg'),
(199, 199, 'https://example.com/images/product199_img1.jpg'),
(200, 200, 'https://example.com/images/product200_img1.jpg');
select*from ProductImages ;
use e_commerce;
select*from customers;
select*from addresses;
select*from Categories;
select*from SubCategories;
select*from Brands;
select*from products;
select*from Suppliers;
select*from warehouses;
select*from Inventory;
select*from orders;
select*from OrderDetails;
select*from payments;
select*from Shipping;
select*from reviews;
select*from Cartitems;
select*from Coupons;
select*from returns;
select*from Employees;
select*from ProductImages;
-- 1.	Display all customers. 
select*from customers;
-- 2.	Find customers from a specific city.
 select* from customers natural join addresses where city='chennai';
 -- 3.	Count total customers. 
 select count(customerid) from customers;
 --  4.	Display male customers only. 
 select*from customers where gender='male';
 -- 5.	Find customers whose first name starts with 'A'. 
 select*from customers where firstname like 'a%';
 -- 6.	Display customer full name. 
 select concat(firstname,'',lastname) as fullname from customers;
 -- 7.	Find duplicate email addresses. 
 select Email,count(*) as duplicate_email from customers group by email;
 -- 8.	Count customers by gender. 
 select gender,count(*) as gender_count from customers group by gender;
 -- 9.	Display latest registered customers. 
 select*from customers where customerid=200;
 -- 10.	Find customers without orders.  
 select*from customers as a natural join orders as b where status='cancelled' ;
 -- Addresses
-- 1.	Display all adresses. 
select*from addresses;
-- 2.	Display customer names with city. 
 select a.firstname,a.lastname,b.city from customers as a inner join addresses as b on a.customerid=b.customerid;
 -- 3.	Find customers from Chennai. 
  select a.firstname,a.lastname,b.city from customers as a inner join addresses as b on a.customerid=b.customerid where city='chennai';
-- 4.	Count customers in each state. 
select state,count(*) from addresses group by state; 
-- 5.	Find unique cities.
select city from addresses group by city; 
-- 6.	Display customers and pincodes. 
select* from customers natural join addresses as b ;
 -- 7.	Find customers from Tamil Nadu.  
 select*from addresses where state='tamil nadu';
 -- 8.	Count addresses per city. 
 select city,count(*) from addresses group by city;
 -- 9	Display address details for a customer. 
 select*from customers natural join addresses;
 -- 20.	Find highest populated city in dataset.  
 select max(city) from addresses;
 -- Categories
 -- 21.	Display all categories. 
 select*from categories;
 -- 22.	Count total categories. 
 select categoryname ,count(*) from categories group by categoryname;
 --  23.	Find category by name. 
 select categoryname from categories;
 -- 24.	Display categories alphabetically. 
 select*from categories order by categoryname asc;
 -- 25.	Find category with most products. 
 select a.categoryname,b.productname from categories as a natural join products as b;
 --  26.	Display categories without products. 
 select categoryname from categories where categoryid =(select categoryid from products where stockqty ="0");
 -- 27.	Count products per category. 
select a.categoryname,count(b.productid)as productcount from categories as a  join products as b on a.categoryid=b.categoryid group by a.categoryname order by productcount desc limit 1 ;
